index,ID No,January,February,March,April,May,June,July,October,November,December,CLV
0,10045909,0,8119,6751,0,6198,0,0,0,0,0,45336
1,10148631,313,609,463,903,210,2022,658,0,0,0,6236
2,10149324,0,934,1234,2111,205,275,0,0,0,0,4759
3,10166157,759,1507,1353,703,0,160,832,0,0,0,6700
4,1016840,0,0,0,371,1495,0,0,0,0,0,10412
5,1020318074,1966,2449,1878,0,0,0,0,0,0,0,6293
6,102523,4861,2388,5102,2592,4369,3491,1177,0,0,0,51622
7,1029956,2011,428,1829,0,0,0,0,0,0,0,7064
8,10342057,0,0,0,0,757,868,0,0,0,0,1625
9,10342719,4826,0,0,0,0,0,0,0,0,0,4826
10,10381624,9397,5158,7984,2401,4730,3139,754,0,0,0,42081
11,1038908,650,0,375,820,610,557,245,0,0,0,6167
12,10423658,11973,20525,7521,5875,1388,7535,2218,0,0,0,65264
13,10487986,850,0,0,0,1951,134,845,0,0,0,5009
14,10612740,418,418,1513,667,893,992,0,0,0,0,11382
15,10717877,386,0,0,0,0,0,0,0,0,0,32881
16,10753872,2222,938,2071,1455,887,749,346,0,0,0,12630
17,10794271,657,0,0,324,0,165,313,0,0,0,2918
18,10794444,434,0,0,0,0,0,0,0,0,0,434
19,10794463,2289,1606,746,4333,4564,1388,2249,0,0,0,30225
20,10794617,0,950,3490,641,1026,300,0,0,0,0,8530
21,10795566,0,2848,1055,0,2114,5561,2462,0,0,0,16593
22,10801718,3010,2788,4743,1434,9132,2344,4628,0,0,0,31774
23,10898052,2294,4235,1955,0,0,0,0,0,0,0,9545
24,10898254,0,3385,826,0,1760,480,0,0,0,0,6451
25,10899411,0,1526,955,0,0,360,0,0,0,0,4873
26,10899917,4238,1874,0,728,1110,1181,812,0,0,0,12408
27,10970394,0,0,0,0,0,165,0,0,0,0,165
28,10970658,2723,4707,4128,2235,5812,953,1070,0,0,0,29156
29,11026098,567,1985,855,0,1276,110,1837,0,0,0,17842
30,11026179,3435,0,726,0,0,0,0,0,0,0,4161
31,11027753,6169,4033,1000,0,2871,248,305,0,0,0,21504
32,11056024,7834,4367,4159,1711,5258,3148,670,0,0,0,31709
33,11058834,597,2433,1884,1842,611,2122,600,0,0,0,19880
34,11128922,1721,1308,436,2532,2032,214,217,0,0,0,16021
35,11156405,101,0,112,0,0,0,0,0,0,0,709
36,11168059,0,0,0,0,0,0,0,0,0,0,130
37,11169338,4381,10757,6018,2418,13176,13038,7935,0,0,0,100395
38,11256478,1536,641,2856,0,1947,301,1189,0,0,0,11901
39,11256597,1460,372,401,607,558,692,1156,0,0,0,5993
40,11256690,0,0,0,0,0,7584,842,0,0,0,10285
41,11258711,9508,0,0,0,3444,1449,0,0,0,0,18132
42,11259201,725,1451,1696,740,489,1501,683,0,0,0,11980
43,11268011,1173,795,1609,2108,913,1351,393,0,0,0,13103
44,11324710,751,2301,4809,2112,2058,1209,1169,0,0,0,18631
45,11324713,0,0,0,0,145,340,593,0,0,0,1078
46,11325455,2927,0,2661,5678,5832,2749,3353,0,0,0,31789
47,11325606,10217,2565,5698,4017,8341,4754,1315,0,0,0,53580
48,11326626,0,0,0,0,0,0,738,0,0,0,738
49,11398518,1209,794,763,307,225,1882,0,0,0,0,11785
50,11401955,2525,2401,2902,2687,4452,3911,3080,0,0,0,29438
51,11439640,911,0,0,0,0,0,0,0,0,0,911
52,1145614859,349,0,0,0,445,0,356,0,0,0,1392
53,11487517,0,0,0,0,0,0,0,0,0,0,2505
54,11490625,1350,0,0,0,0,0,0,0,0,0,3563
55,11542714,5006,2296,871,3689,3319,16951,2741,0,0,0,38999
56,11542959,646,0,1350,0,0,0,0,0,0,0,3180
57,11543097,2756,2918,4733,1200,2046,2789,3721,0,0,0,23240
58,11543666,1839,424,4169,4243,3883,6642,2368,0,0,0,41857
59,11591299,2472,2066,1029,0,10263,12872,1903,0,0,0,44286
60,11607968,0,0,954,354,866,0,0,0,0,0,2174
61,11694969,2225,4284,7604,5390,6846,7846,1340,0,0,0,51546
62,11694994,2657,3327,4829,746,1785,2956,2399,0,0,0,26304
63,11695287,2593,1425,2374,3053,1174,2664,1289,0,0,0,24099
64,11697561,1911,2267,950,2904,1778,1405,900,0,0,0,20041
65,11807186,617,1018,0,0,0,1455,0,0,0,0,6230
66,11842102,0,0,0,3743,0,0,0,0,0,0,3743
67,11894750,1062,1049,1067,0,0,115,751,0,0,0,5839
68,12364489,3633,1376,2505,933,3524,7723,1828,0,0,0,30943
69,123931379,0,0,0,0,0,0,0,0,0,0,1027
70,12404519,1243,1269,3912,755,2664,903,1719,0,0,0,17279
71,12405195,0,0,0,0,0,0,0,0,0,0,135
72,12493062,6262,1543,2066,1729,2844,2836,1541,0,0,0,26814
73,12495833,0,2547,2334,2074,2809,0,0,0,0,0,19009
74,12535081,149,174,159,505,1110,525,1670,0,0,0,4826
75,12591164,524,827,965,935,1077,1333,0,0,0,0,25019
76,12610713,864,0,0,730,1388,0,1617,0,0,0,6867
77,12619538,629,1023,349,296,951,147,202,0,0,0,6950
78,12619606,600,358,0,100,0,0,0,0,0,0,1867
79,12619882,0,0,0,0,0,0,0,0,0,0,963
80,12620238,4098,0,0,0,773,0,0,0,0,0,4871
81,12620453,0,526,869,0,807,0,0,0,0,0,3509
82,12620463,1517,1104,1604,388,1426,437,380,0,0,0,9995
83,12620649,634,0,244,1035,983,1040,650,0,0,0,10122
84,12690777,1636,971,851,582,304,0,0,0,0,0,10440
85,12692352,660,0,0,0,0,0,0,0,0,0,3090
86,12731192,940,0,243,0,425,0,0,0,0,0,2851
87,12734664,1313,7048,2731,1725,2640,3471,0,0,0,0,33015
88,12826838,2066,6855,1504,273,2951,2394,2197,0,0,0,20018
89,12886727,3769,4189,2514,1370,2306,4114,2670,0,0,0,33390
90,12888908,240,1892,1516,3531,1452,2720,1205,0,0,0,16778
91,12930147,0,8587,19191,5264,13680,7222,2569,0,0,0,56513
92,12983978,1345,0,8165,2455,1724,2189,785,0,0,0,17683
93,13062540,0,662,1757,0,0,0,0,0,0,0,3439
94,13073864,5755,3204,4475,780,2966,2408,824,0,0,0,27925
95,13160501,1670,341,3598,686,1201,3413,3410,0,0,0,22501
96,13174503,0,642,0,0,0,105,190,0,0,0,1092
97,13177324,9390,21971,18144,6597,5282,8407,9461,0,0,0,79252
98,13180728,0,1060,0,0,0,0,0,0,0,0,4050
99,13180942,1823,0,3631,8309,0,0,2739,0,0,0,36068
100,13182946,0,0,0,0,10277,0,0,0,0,0,10277
101,13183127,2829,1840,0,0,0,0,0,0,0,0,9696
102,13183343,326,0,464,0,145,0,0,0,0,0,2083
103,13183541,723,183,607,563,586,827,665,0,0,0,6173
104,13248860,0,0,0,842,0,0,0,0,0,0,842
105,13248913,371,0,1478,537,0,863,860,0,0,0,7135
106,13252439,0,220,0,0,0,0,0,0,0,0,220
107,13252852,0,15219,0,0,0,0,0,0,0,0,15219
108,13253947,0,2287,2268,862,2307,955,685,0,0,0,17549
109,13300194,2731,1781,4357,4171,4498,0,1476,0,0,0,22329
110,13321616,0,450,332,1165,310,0,0,0,0,0,2837
111,13353576,1101,1815,0,0,1575,721,0,0,0,0,6153
112,13356410,455,878,0,0,0,1446,113,0,0,0,7116
113,13356796,0,0,0,0,0,0,0,0,0,0,1031
114,13359591,8321,8074,8202,1772,6167,6068,7082,0,0,0,59495
115,13360348,120,0,0,0,0,0,0,0,0,0,120
116,13360903,0,1315,1317,1751,535,1237,1004,0,0,0,7159
117,13361302,4125,5195,1110,1763,1110,1472,1196,0,0,0,24937
118,13399445,862,3982,1629,355,2004,0,0,0,0,0,16566
119,13399484,1180,428,1338,0,517,0,530,0,0,0,5090
120,13399867,0,539,1437,0,0,1584,413,0,0,0,10917
121,13400427,0,0,678,418,0,435,474,0,0,0,3854
122,13402438,0,0,0,117,0,0,0,0,0,0,2217
123,13457838,3044,1097,2168,0,335,1196,0,0,0,0,11084
124,13469839,0,1425,193,1723,420,1216,431,0,0,0,9615
125,13470071,0,0,0,1656,846,713,304,0,0,0,3519
126,13470844,721,110,0,0,0,0,0,0,0,0,1151
127,13470863,0,0,0,0,0,0,0,0,0,0,459
128,13475239,1545,0,657,794,2866,1509,652,0,0,0,9993
129,13476170,2345,587,2173,1427,0,1961,0,0,0,0,8493
130,13477584,4846,1830,3018,2079,540,1059,1095,0,0,0,19302
131,13477603,1896,1490,115,1530,795,2116,856,0,0,0,9153
132,13478798,0,0,0,0,698,305,0,0,0,0,1003
133,13498130,1048,2711,1529,0,594,595,0,0,0,0,8567
134,13512549,195,0,0,412,0,0,0,0,0,0,2930
135,13512786,2092,0,1050,0,3379,0,1013,0,0,0,16761
136,13513863,0,714,634,1224,1863,1219,0,0,0,0,6497
137,13524422,0,0,0,0,0,0,1289,0,0,0,1289
138,13524464,854,0,1168,0,2677,1543,147,0,0,0,8362
139,13526433,0,0,0,0,0,0,0,0,0,0,152
140,13527058,472,2275,0,220,5917,1134,0,0,0,0,15100
141,13527506,8426,3410,853,3250,4057,5000,1742,0,0,0,38700
142,13552775,0,0,632,1182,1241,582,1174,0,0,0,4811
143,135533753,0,0,0,0,0,0,3404,0,0,0,7461
144,13554108,0,1630,2857,1542,0,4747,0,0,0,0,16769
145,13557963,2379,625,0,4060,1092,0,0,0,0,0,8156
146,13573120,4667,1489,1551,0,1502,227,0,0,0,0,9436
147,13585017,0,0,2640,339,1467,915,349,0,0,0,5710
148,13585186,4547,889,47390,5470,470,938,100,0,0,0,65076
149,13585210,0,0,0,0,0,0,0,0,0,0,631
150,13585436,0,1666,0,0,807,0,415,0,0,0,7730
151,13585511,430,2619,3313,1932,5837,1368,1075,0,0,0,20602
152,13585558,309,3015,1576,1104,4117,2819,2946,0,0,0,20957
153,13585560,313,123,0,0,0,0,0,0,0,0,2872
154,13585606,2373,2737,3903,1336,3042,1797,1787,0,0,0,21538
155,13588361,0,1240,0,0,0,0,0,0,0,0,8940
156,13618163,740,896,453,1886,703,934,0,0,0,0,7033
157,13619409,0,0,1630,100,1715,6485,125,0,0,0,48172
158,13620484,1306,11331,4266,2445,2354,1394,316,0,0,0,30424
159,1367762,0,0,0,0,0,0,0,0,0,0,399
160,13689187,0,0,0,0,0,0,0,0,0,0,250
161,13755088,0,527,2455,2096,2418,2768,468,0,0,0,12055
162,13757211,430,0,0,0,0,0,0,0,0,0,430
163,13812051,0,0,383,721,0,897,0,0,0,0,8712
164,13813198,0,0,1712,0,0,0,0,0,0,0,3819
165,13833724,23864,27195,29519,11163,17743,8391,6467,0,0,0,163756
166,13835178,0,0,0,0,1227,1383,385,0,0,0,2995
167,13835211,1194,1833,1564,0,759,1054,365,0,0,0,11154
168,13835249,220,0,0,0,0,0,0,0,0,0,660
169,13835321,1765,1355,5386,1217,6253,3648,817,0,0,0,26573
170,13835322,0,0,0,0,754,261,0,0,0,0,2321
171,13835788,0,0,0,0,0,0,748,0,0,0,748
172,13835860,811,1137,987,0,0,438,0,0,0,0,5328
173,13835871,0,0,639,2668,4631,216,0,0,0,0,12380
174,13835909,0,0,0,0,0,0,209,0,0,0,632
175,13836027,0,392,0,0,125,0,220,0,0,0,1285
176,138360552,0,0,0,0,442,0,0,0,0,0,442
177,13868340,0,1859,1238,1547,500,228,0,0,0,0,5372
178,143639010,440,923,560,0,0,120,0,0,0,0,3614
179,14403600,700,2142,999,0,865,3591,4060,0,0,0,17268
180,14412056,0,0,0,0,0,0,0,0,0,0,5667
181,14412078,0,0,0,680,934,0,160,0,0,0,4970
182,14413453,1488,4721,2294,0,4406,2837,0,0,0,0,58534
183,14414216,282,551,0,0,5623,0,0,0,0,0,6456
184,14414507,1300,1626,333,259,1409,709,654,0,0,0,8311
185,14414734,3388,6509,200,452,6306,6260,3273,0,0,0,45799
186,14446201,0,0,0,0,1294,0,0,0,0,0,3297
187,14446305,0,565,0,549,1257,0,0,0,0,0,12841
188,14446307,5211,3989,6978,1673,4911,2839,2006,0,0,0,35253
189,14446661,0,0,0,0,6879,0,1870,0,0,0,8749
190,1444673,0,2327,682,743,0,0,815,0,0,0,7303
191,14446848,109,1275,4779,1290,6196,3746,770,0,0,0,20605
192,14446918,0,0,0,0,0,12700,340,0,0,0,13040
193,14447484,1774,721,8876,1746,3474,1253,625,0,0,0,22257
194,14447720,2953,0,4868,2879,1520,2262,1165,0,0,0,23359
195,14518360,0,0,0,0,0,0,0,0,0,0,234
196,14604326,0,0,0,0,0,0,0,0,0,0,5227
197,14604590,0,0,2589,0,15097,0,1397,0,0,0,20737
198,14639656,0,0,0,0,0,0,0,0,0,0,3866
199,14639844,4385,1949,6378,1807,4540,4318,2621,0,0,0,40989
200,14639991,0,0,0,0,457,1298,884,0,0,0,2639
201,14639993,7046,5707,11178,3073,6292,6824,4022,0,0,0,60834
202,14644524,0,0,0,0,0,4097,1810,0,0,0,5907
203,14644723,1789,1621,4704,763,1313,1111,852,0,0,0,13750
204,14671318,3488,1177,5317,2404,3044,1242,1054,0,0,0,24511
205,15026,0,0,0,0,0,4075,0,0,0,0,4075
206,16005371,249,0,840,1302,0,874,0,0,0,0,6846
207,16100598,0,1250,0,0,1185,1164,0,0,0,0,3599
208,1789,2072,249,304,8910,0,0,0,0,0,0,11638
209,1819354,1951,1827,2630,366,1167,2511,0,0,0,0,19760
210,182725,530,0,0,0,0,0,0,0,0,0,1204
211,20054692,0,0,1268,1021,604,0,0,0,0,0,2893
212,20068303,0,1072,240,0,235,0,0,0,0,0,1547
213,20080332,0,0,0,0,0,0,0,0,0,0,824
214,20088547,484,870,2717,190,0,0,405,0,0,0,7683
215,20089519,2020,0,2289,5471,122,0,4061,0,0,0,22131
216,20091948,5546,6283,6261,1801,2338,5380,3464,0,0,0,46254
217,20102607,3206,4431,2209,4311,1203,987,1403,0,0,0,29242
218,20122163,0,0,2308,1224,1758,1488,1385,0,0,0,10417
219,20132678,2861,2512,2977,1697,2824,4645,1593,0,0,0,34220
220,20132953,0,0,0,0,0,1659,919,0,0,0,10474
221,20184853,2906,4192,3122,1664,2769,3622,2316,0,0,0,25889
222,20200755,1672,2143,5576,0,3224,0,0,0,0,0,24517
223,20207243,927,889,1879,1581,2975,2870,2337,0,0,0,15117
224,20213837,0,0,397,0,129,0,0,0,0,0,3462
225,20217992,0,0,0,1698,1702,2439,274,0,0,0,6113
226,202224075,1921,2604,2940,1016,1012,965,1348,0,0,0,17711
227,20223541,0,992,0,0,0,1133,0,0,0,0,6105
228,20224916,0,3261,1714,0,0,0,0,0,0,0,9800
229,20229450,1927,4003,115,1068,694,1276,996,0,0,0,11655
230,20232386,0,0,0,0,1887,0,0,0,0,0,2622
231,20234653,2463,3411,2244,0,5152,1853,760,0,0,0,28334
232,20265308,0,134,540,177,100,1019,115,0,0,0,2205
233,20279188,0,0,15129,26537,11968,24672,0,0,0,0,78306
234,20313886,0,0,0,0,0,0,198,0,0,0,198
235,20334368,0,0,0,0,0,0,1907,0,0,0,1907
236,20466627,0,0,0,1520,1722,6596,1916,0,0,0,11754
237,205541586,0,1715,732,750,210,1637,710,0,0,0,8454
238,20593690,0,0,868,0,1952,0,0,0,0,0,4979
239,20596085,1074,0,0,140,0,0,0,0,0,0,2799
240,2060861,0,0,1116,834,795,3571,0,0,0,0,8973
241,20619243,0,0,0,0,0,0,0,0,0,0,3741
242,20628297,0,0,0,0,0,0,0,0,0,0,453
243,20628483,2635,5355,500,1523,2945,2551,1027,0,0,0,33246
244,20634301,4628,5640,2130,695,3024,1498,529,0,0,0,24121
245,20648548,0,921,0,4268,2968,0,0,0,0,0,23360
246,20653832,0,0,0,0,0,0,0,0,0,0,394
247,20680746,2053,0,249,0,1709,0,0,0,0,0,4011
248,20681004,2242,1943,1586,2767,2318,7263,1081,0,0,0,28939
249,20684385,3695,4943,3088,2907,845,10771,0,0,0,0,29742
250,20714448,0,1094,1695,1035,2867,2840,665,0,0,0,11968
251,20752600,0,0,666,505,1574,1078,0,0,0,0,6534
252,20782935,611,7309,7061,4294,1394,4148,1170,0,0,0,33935
253,20855161,125,635,0,0,1409,0,0,0,0,0,3731
254,20887119,0,2813,2458,0,732,1397,321,0,0,0,7721
255,20889847,0,0,187,0,0,240,489,0,0,0,916
256,20892974,3085,0,22428,270,0,125,6172,0,0,0,34713
257,20907811,454,0,0,0,467,0,0,0,0,0,1541
258,20920914,12806,12248,7730,5396,17976,13198,3683,0,0,0,110923
259,20938402,0,0,0,0,0,0,2993,0,0,0,2993
260,20975085,2131,0,467,1076,1977,0,0,0,0,0,6945
261,20975525,2084,1207,0,0,0,1011,287,0,0,0,4589
262,20983651,2417,0,2643,1950,1142,1204,0,0,0,0,9779
263,20991249,2344,1238,3779,1606,2842,0,0,0,0,0,13497
264,20995282,1341,1678,3351,715,2086,1373,1653,0,0,0,16335
265,21004936,0,0,0,0,0,0,0,0,0,0,1465
266,21051314,7314,9795,0,0,0,0,0,0,0,0,17109
267,21064057,0,3172,6386,2198,3119,2647,1783,0,0,0,19305
268,21067789,0,0,0,0,0,0,0,0,0,0,880
269,21082296,0,0,0,0,925,445,0,0,0,0,1370
270,2110810,1294,1403,0,0,515,2008,748,0,0,0,7540
271,21116009,1861,3832,3837,1207,1772,0,1162,0,0,0,22576
272,21141903,529,1393,790,865,135,0,137,0,0,0,7353
273,21192106,689,1145,535,175,2009,652,376,0,0,0,8265
274,21209581,1808,2471,0,0,888,0,0,0,0,0,5167
275,21232135,469,3917,839,509,1297,2227,1913,0,0,0,11171
276,21316726,379,205,162,287,1069,1062,792,0,0,0,6843
277,21347216,3978,3226,7833,3857,5989,3240,5135,0,0,0,53188
278,21359165,0,0,0,0,0,0,0,0,0,0,765
279,21360646,15968,18595,14620,8039,4283,1987,4160,0,0,0,111788
280,21364343,4777,2281,2175,2104,2550,567,925,0,0,0,19225
281,21368382,3610,0,2012,0,0,0,0,0,0,0,8830
282,21377408,758,604,2419,0,2200,623,0,0,0,0,6850
283,21398562,336,1120,0,0,0,0,0,0,0,0,2418
284,2140058,0,0,0,0,0,0,0,0,0,0,2515
285,21405089,1450,971,2048,685,129,0,0,0,0,0,8704
286,2141114,641,435,257,1462,200,1330,0,0,0,0,7293
287,21412110,7760,4117,4244,3404,3023,4474,632,0,0,0,37436
288,21431737,536,1521,339,0,2008,0,0,0,0,0,5853
289,21473599,743,384,980,1206,879,853,358,0,0,0,5403
290,21486069,0,1459,0,0,0,0,0,0,0,0,4146
291,21486221,0,0,0,0,0,344,215,0,0,0,559
292,21493562,0,0,0,0,0,0,0,0,0,0,1966
293,21498769,889,0,0,0,0,0,0,0,0,0,1489
294,215305321,3003,2519,1742,0,3828,2030,340,0,0,0,16700
295,21538032,335,905,579,1509,2275,930,352,0,0,0,6885
296,21547017,6170,7274,5226,3435,5265,8736,4583,0,0,0,49644
297,21563063,380,219,1097,760,1157,672,0,0,0,0,19871
298,215801167,2264,220,768,520,830,200,224,0,0,0,10268
299,21580167,4180,4472,1429,1826,756,0,0,0,0,0,19532
300,21618054,0,0,0,0,0,0,2027,0,0,0,2027
301,21623793,0,819,300,285,244,0,0,0,0,0,3543
302,21626828,0,0,0,0,495,235,0,0,0,0,2529
303,21681102,0,0,459,1428,0,2904,0,0,0,0,4791
304,21682106,8385,0,0,0,0,0,0,0,0,0,8385
305,21698810,386,193,1617,13460,1595,3471,954,0,0,0,24030
306,21714304\,1709,0,826,0,652,737,0,0,0,0,10234
307,21720755,0,0,1346,0,3165,1055,426,0,0,0,9982
308,21726135,0,713,0,2235,0,0,0,0,0,0,4230
309,21726310,0,0,0,0,0,206,0,0,0,0,206
310,21726325,476,3027,3543,3599,1609,5709,2591,0,0,0,22570
311,21739977,615,0,0,0,0,0,0,0,0,0,2887
312,21754538,219,814,349,0,1445,370,0,0,0,0,4888
313,21754722,0,494,111,184,395,632,0,0,0,0,2968
314,21755128,1918,2416,2153,921,1460,632,0,0,0,0,15193
315,21763543,1027,792,1716,1653,1705,1724,1099,0,0,0,12782
316,21763609,4658,7770,9830,1663,3792,5985,4985,0,0,0,58254
317,21765030,6194,3141,2206,378,1186,4544,0,0,0,0,22105
318,21778895,0,0,0,0,0,0,0,0,0,0,345
319,217800704,0,0,685,227,420,0,0,0,0,0,1713
320,21787951,292,158,780,0,1241,543,0,0,0,0,4969
321,21788170,2725,0,0,0,0,0,0,0,0,0,4923
322,21808123,4882,2801,1489,0,5052,7836,757,0,0,0,39437
323,21825192,3411,4296,1190,0,903,253,480,0,0,0,17585
324,21831938,2904,1852,1132,0,2037,700,0,0,0,0,9691
325,21841140,0,0,0,0,0,617,739,0,0,0,1356
326,21841737,0,774,1578,867,0,0,270,0,0,0,10417
327,21843322,325,0,1671,195,0,1462,1655,0,0,0,5488
328,21885349,764,1360,1496,1368,1874,1143,744,0,0,0,16796
329,21889291,2764,4005,1506,0,146,0,0,0,0,0,9586
330,21903888,2159,2772,2752,807,2734,2686,160,0,0,0,21160
331,21973278,819,1521,1571,596,917,773,258,0,0,0,11168
332,21973845,10120,23320,15222,5501,21995,15350,4032,0,0,0,127597
333,21990347,824,100,3263,718,4111,2871,2415,0,0,0,19958
334,22000322,0,0,1003,980,873,468,375,0,0,0,3699
335,22010590,7322,593,955,618,2323,0,0,0,0,0,12301
336,22015019,0,925,238,1526,453,0,0,0,0,0,6453
337,22019516,687,0,228,0,0,445,0,0,0,0,1581
338,22022191,650,0,0,0,3376,1885,905,0,0,0,10045
339,22035869,9397,0,5730,0,280,1108,0,0,0,0,20287
340,22040049,868,0,1683,100,1140,2568,410,0,0,0,6769
341,22041537,0,0,0,0,1458,757,778,0,0,0,21988
342,22043053,724,1898,1937,3337,1104,320,4163,0,0,0,17560
343,22044722,3698,305,1783,255,4163,0,0,0,0,0,13559
344,22044731,7004,3712,5452,4122,5453,9977,5924,0,0,0,59556
345,22045434,0,0,2235,0,1545,1607,0,0,0,0,5387
346,22049118,10486,8831,6411,2862,4284,2634,2150,0,0,0,62176
347,22051670,0,0,0,0,0,379,279,0,0,0,658
348,22054657,7350,4045,6373,2731,5490,6307,6672,0,0,0,50070
349,22058011,2048,781,2628,0,3695,2409,0,0,0,0,23794
350,22063523,0,0,0,0,0,0,1675,0,0,0,2547
351,22068836,0,0,0,4396,470,0,860,0,0,0,11873
352,22081092,0,0,574,0,499,736,0,0,0,0,1809
353,22087221,3071,1248,1578,399,2792,2473,1286,0,0,0,14790
354,22101289,752,177,310,0,0,238,0,0,0,0,1477
355,22103014,0,1088,0,0,0,0,253,0,0,0,1341
356,22119961,0,0,0,0,150,547,0,0,0,0,2031
357,22120773,4864,0,314,0,2758,0,0,0,0,0,12155
358,22123157,498,0,5084,0,0,0,1571,0,0,0,14035
359,22126463,0,0,0,0,0,0,1701,0,0,0,1701
360,22126548,0,0,0,0,0,0,0,0,0,0,999
361,22126669,0,0,0,0,0,1398,0,0,0,0,1398
362,22127488,963,0,0,0,0,0,0,0,0,0,1293
363,22130358,737,4058,1850,0,0,0,0,0,0,0,10073
364,22130695,3393,3373,3623,2085,6816,3288,362,0,0,0,39120
365,22138187,745,0,263,1102,664,900,420,0,0,0,6128
366,22141335,738,0,0,0,0,0,0,0,0,0,2105
367,22150187,342,0,3122,580,5955,5218,883,0,0,0,24250
368,22150870,2314,3001,811,1593,1512,2720,1830,0,0,0,13781
369,22151761,1741,1014,898,730,155,0,0,0,0,0,7651
370,22153106,10528,16367,14671,12872,14859,8847,8458,0,0,0,111650
371,22155322,180,0,1263,1955,364,246,1733,0,0,0,14795
372,22156394,0,311,1842,0,0,0,0,0,0,0,2999
373,22160870,0,0,0,0,0,0,0,0,0,0,467
374,2216215,3986,4147,8327,9419,6901,15897,2656,0,0,0,72746
375,22167270,2853,1314,6836,2594,4455,3215,1118,0,0,0,38235
376,22170426,5119,768,334,290,1819,668,0,0,0,0,9762
377,22173868,5232,10227,1499,400,3062,1958,1925,0,0,0,35037
378,22181264,0,2390,1525,1524,3558,2658,353,0,0,0,19587
379,22187737,0,0,939,804,3924,2436,607,0,0,0,8710
380,22189321,0,0,0,0,0,0,0,0,0,0,9785
381,22189528,0,0,0,0,0,0,0,0,0,0,654
382,22190973,4704,181,0,1224,0,797,3587,0,0,0,18634
383,22191297,0,0,0,0,0,0,0,0,0,0,1314
384,22196700,0,0,0,0,0,3040,0,0,0,0,3040
385,22208303,0,0,0,0,0,0,2913,0,0,0,2913
386,22215926,6496,4231,10645,4347,5081,2784,1262,0,0,0,39510
387,22217507,190,402,181,0,0,1315,385,0,0,0,3073
388,22264366,0,928,562,0,0,0,0,0,0,0,1755
389,22275472,0,1328,1251,635,111,1508,1369,0,0,0,10255
390,22279159,1465,0,0,1876,0,1180,1588,0,0,0,7911
391,22279505,14795,5811,5390,12961,11051,4561,125,0,0,0,83166
392,22279704,0,1481,0,0,0,2297,0,0,0,0,4495
393,22283015,260,390,1278,100,693,207,0,0,0,0,4743
394,22290913,0,0,0,0,290,2981,1010,0,0,0,4281
395,22292029,1273,1895,2223,2084,4922,5094,3533,0,0,0,24884
396,22296838,0,0,0,0,709,853,454,0,0,0,2016
397,22298260,2437,0,0,0,0,0,0,0,0,0,12421
398,22308012,2953,3567,1984,4023,5820,1938,983,0,0,0,26124
399,22308017,1547,0,0,0,0,1190,754,0,0,0,14031
400,22308287,1354,767,235,0,1986,607,0,0,0,0,5555
401,22320207,8734,6037,8263,2293,8172,6738,3865,0,0,0,62451
402,22320241,0,3325,7158,0,2309,0,1160,0,0,0,21254
403,22320263,2273,1146,1558,215,2993,2404,265,0,0,0,16871
404,22320529,807,674,618,300,0,0,0,0,0,0,5637
405,22329845,0,0,730,0,0,0,0,0,0,0,730
406,22335650,0,0,0,0,0,0,0,0,0,0,505
407,22338879,922,1151,2237,530,426,280,837,0,0,0,10737
408,22350146,100,716,1202,1175,1573,0,0,0,0,0,10005
409,22350960,0,0,620,0,1139,1704,887,0,0,0,4350
410,22354311,685,478,0,0,0,2408,615,0,0,0,12772
411,22368409,0,4918,0,0,0,4294,9721,0,0,0,27276
412,22369767,7191,1938,453,0,520,3194,0,0,0,0,14721
413,22391121,1023,0,279,0,0,0,0,0,0,0,2946
414,22391414,150,0,1975,970,0,0,235,0,0,0,6516
415,22393613,159,0,0,0,313,0,0,0,0,0,3151
416,22414578,0,0,0,0,1224,474,0,0,0,0,1698
417,22434732,0,0,0,0,0,0,0,0,0,0,319
418,22435615,0,0,0,0,0,0,1493,0,0,0,3653
419,22449843,1351,293,2370,250,1883,1346,0,0,0,0,11721
420,22450826,6595,0,0,0,0,210,0,0,0,0,10760
421,22462565,629,180,0,0,0,664,0,0,0,0,2338
422,22467808,0,0,306,490,0,0,0,0,0,0,3983
423,22467815,6004,6756,10757,0,1498,1300,103,0,0,0,62855
424,22481636,15700,0,233,0,0,745,189,0,0,0,16867
425,22485521,0,0,186,0,0,0,0,0,0,0,716
426,22503793,0,0,0,0,5480,0,0,0,0,0,5480
427,22505406,0,0,0,0,0,0,482,0,0,0,482
428,22506808,522,1446,0,346,414,415,0,0,0,0,4145
429,22509122,0,966,1088,0,0,585,0,0,0,0,7732
430,22512395,0,2735,1783,122,1768,2266,0,0,0,0,11995
431,22516526,324,0,0,0,0,0,0,0,0,0,324
432,22516892,12737,6363,6058,9734,3347,5095,1566,0,0,0,55809
433,22531351,2373,4622,4783,5291,4181,6846,1756,0,0,0,40697
434,22531764,0,0,0,1103,0,845,431,0,0,0,2379
435,22531856,5557,11888,6025,1567,4136,16078,2841,0,0,0,65728
436,22533792,0,0,0,0,0,0,260,0,0,0,260
437,22534568,0,0,0,0,0,2165,0,0,0,0,2165
438,22535111,1729,3289,3072,2042,5240,3317,1527,0,0,0,33755
439,22535575,561,1197,2520,2037,3918,6325,555,0,0,0,27918
440,22536801,144,0,0,0,0,0,0,0,0,0,144
441,22545582,0,588,0,0,430,773,0,0,0,0,2319
442,22546428,612,315,0,0,0,793,463,0,0,0,5048
443,22546930,0,656,2171,660,1727,453,0,0,0,0,11545
444,22557664,332,2399,474,0,2118,6128,0,0,0,0,15506
445,22570554,4251,3242,2928,3130,1501,4339,2152,0,0,0,27070
446,22573186,190,230,692,1237,1075,1059,839,0,0,0,14893
447,22573915,2475,5119,1946,963,407,3389,1202,0,0,0,18475
448,22581257,1129,2916,0,0,0,285,1829,0,0,0,9110
449,2258435,8117,8997,11069,3451,1212,10733,3936,0,0,0,68039
450,22585896,2502,3890,2920,7442,2813,3405,1554,0,0,0,33892
451,22586076,943,2554,4854,0,0,1025,0,0,0,0,20866
452,22586179,3061,5924,4345,0,3309,2701,0,0,0,0,25084
453,22588227,253,2374,1673,1883,810,3094,840,0,0,0,16797
454,22588628,6012,2734,4225,4537,2385,4353,857,0,0,0,50025
455,22589931,1080,637,702,290,1512,1972,958,0,0,0,41125
456,22595223,0,0,0,0,0,0,0,0,0,0,1560
457,22595500,2661,3340,1447,4690,5667,4848,1578,0,0,0,24231
458,22597077,18174,7514,4625,1319,3251,1063,1013,0,0,0,72474
459,22620768,0,2021,0,450,3504,4301,2550,0,0,0,34961
460,22621473,500,6385,0,0,0,448,0,0,0,0,7333
461,22621564,0,2544,3098,0,0,397,0,0,0,0,6039
462,22625558,0,0,0,0,0,1086,0,0,0,0,1086
463,22626371,1121,678,1600,818,1593,309,366,0,0,0,7966
464,22635324,178,815,0,0,2677,4329,5921,0,0,0,17041
465,22659353,3641,3742,0,0,942,722,820,0,0,0,13056
466,22694265,1367,763,1878,996,789,343,0,0,0,0,12503
467,2270649,465,0,0,0,2951,1023,1321,0,0,0,6717
468,22710382,337,0,330,0,342,298,0,0,0,0,3864
469,22714986,969,0,0,0,0,0,0,0,0,0,1856
470,22715988,0,0,0,2029,1262,2724,780,0,0,0,6795
471,22721736,3857,2487,7501,360,2817,1577,3082,0,0,0,37762
472,227342239,533,5800,0,0,0,0,0,0,0,0,7845
473,22755112,0,0,0,0,0,0,0,0,0,0,1609
474,22755153,1893,2148,1923,0,0,1812,746,0,0,0,13384
475,22761561,3764,2553,1207,1132,3374,1972,2309,0,0,0,21542
476,22769904,3020,3772,2525,2455,3282,4079,0,0,0,0,24673
477,22772820,4871,3147,4625,4833,841,2386,6706,0,0,0,43767
478,22781979,4102,5353,2890,5368,3638,5389,874,0,0,0,47223
479,22781980,0,0,1003,0,1612,1627,1748,0,0,0,5990
480,22786111,1267,1688,1050,735,2537,3037,2085,0,0,0,20609
481,22815713,942,8308,3133,2637,2281,1215,0,0,0,0,22020
482,22815759,0,897,0,0,4962,0,834,0,0,0,11060
483,22816127,459,0,128,0,0,0,0,0,0,0,888
484,22825755,0,0,0,0,0,640,1200,0,0,0,1840
485,22828936,3039,1762,4844,5727,3796,2889,1428,0,0,0,31678
486,22836848,3048,2975,1411,0,3646,4679,1507,0,0,0,18232
487,22849575,6595,6974,2740,3258,5227,6129,350,0,0,0,60969
488,22855714,1668,0,0,0,0,0,0,0,0,0,8315
489,22863726,2093,1343,2977,1303,3222,2428,552,0,0,0,21451
490,22871575,0,0,0,0,0,0,0,0,0,0,1862
491,22876734,1494,1388,760,750,0,1655,520,0,0,0,9765
492,22895402,9225,0,0,0,0,0,0,0,0,0,9225
493,22903520,5808,4282,17032,10041,25111,32341,14065,0,0,0,110100
494,22941012,0,5609,0,1230,5538,385,771,0,0,0,13533
495,22946969,0,0,0,0,0,0,0,0,0,0,16275
496,2295384,3073,0,0,0,254,0,577,0,0,0,15528
497,22954924,0,0,0,0,0,0,0,0,0,0,947
498,22962055,0,0,0,0,0,0,0,0,0,0,1123
499,22965839,3398,1843,0,495,2132,1061,1583,0,0,0,13383
500,22965931,11710,11953,9871,4748,12134,10638,5180,0,0,0,97381
501,23022010,13687,3762,5198,1333,1962,3766,100,0,0,0,45854
502,23037717,0,0,0,0,0,0,1180,0,0,0,1680
503,23037810,1110,0,400,0,0,515,0,0,0,0,2436
504,23045110,0,0,0,0,0,0,0,0,0,0,311
505,23047523,13737,8486,6693,620,5263,7891,422,0,0,0,48877
506,23048740,4543,1796,1253,0,0,0,0,0,0,0,23554
507,23054452,3647,3150,4729,2013,1183,2710,859,0,0,0,24632
508,23058660,0,510,359,0,3239,334,0,0,0,0,4954
509,23073578,4111,5991,2552,1167,14893,22412,31751,0,0,0,90719
510,23078843,0,0,3721,1005,2971,2400,571,0,0,0,12659
511,23079249,1067,2417,0,3113,588,1406,0,0,0,0,13969
512,23086583,596,111,679,704,1699,924,467,0,0,0,6087
513,23090529,1054,2135,5036,772,2472,2512,648,0,0,0,18171
514,23102136,0,0,0,405,0,0,0,0,0,0,405
515,23125623,3745,1692,2465,1283,1362,1910,1132,0,0,0,20446
516,231295123,1324,549,1062,1103,2018,1352,768,0,0,0,10452
517,23134962,2309,817,0,0,0,0,0,0,0,0,6127
518,23138453,0,29074,3259,1816,2846,4075,0,0,0,0,50904
519,23145931,1673,0,849,500,1567,0,1746,0,0,0,9759
520,23165411,1083,1554,5566,1248,2862,998,1022,0,0,0,23262
521,23179294,1789,16454,13651,10259,3450,7876,2903,0,0,0,63822
522,23207488,0,0,0,248,533,110,0,0,0,0,1771
523,23207753,559,325,0,0,308,0,0,0,0,0,3934
524,23207876,1540,581,0,1242,0,0,0,0,0,0,5950
525,23220385,1005,0,3966,725,0,0,0,0,0,0,6895
526,23240005,23005,0,0,0,0,0,0,0,0,0,23005
527,23246882,0,1965,0,0,266,2246,0,0,0,0,15216
528,23257683,6357,7580,5679,6326,11561,6225,5321,0,0,0,63234
529,23260531,2182,7473,5639,1707,1885,2320,310,0,0,0,37625
530,23278880,1806,0,1148,0,1818,0,0,0,0,0,11477
531,23289841,1214,0,0,404,4769,2734,0,0,0,0,14362
532,23295297,22908,73895,37174,30902,39953,29617,6680,0,0,0,359539
533,23308792,100,1050,346,0,538,0,0,0,0,0,3046
534,23311884,3303,3340,0,1045,2704,7808,0,0,0,0,23908
535,23312101,0,0,0,1920,24899,1459,0,0,0,0,28278
536,23312108,320,0,0,380,0,0,0,0,0,0,700
537,23315462,0,0,0,0,1303,6670,1987,0,0,0,9960
538,23322370,12772,4287,7800,0,4975,1084,7206,0,0,0,68940
539,23325908,2943,369,581,451,509,481,653,0,0,0,7647
540,23326866,306,0,488,0,0,0,0,0,0,0,2786
541,23354085,0,0,0,0,306,0,0,0,0,0,306
542,23354343,810,0,0,0,0,1703,0,0,0,0,2513
543,23370798,1291,0,583,0,0,0,0,0,0,0,2417
544,23372685,3209,4518,3952,1176,2242,1845,1366,0,0,0,30872
545,23373299,830,1657,1073,0,0,0,0,0,0,0,7083
546,23373327,0,749,2010,341,1208,510,0,0,0,0,7362
547,23385609,0,1700,2892,0,12124,1077,1022,0,0,0,20261
548,23390394,830,2476,2762,1054,1845,1137,332,0,0,0,14662
549,23390733,2034,1873,1603,170,515,1000,308,0,0,0,15452
550,23411561,0,0,0,0,0,0,2604,0,0,0,2604
551,23427028,0,2270,0,2502,0,1074,300,0,0,0,8214
552,23435021,250,0,0,0,0,0,0,0,0,0,3821
553,23442591,2512,0,0,0,0,0,0,0,0,0,2512
554,23449815,0,1187,0,0,2197,0,0,0,0,0,9903
555,23482098,9597,3923,7899,1939,3142,14390,7154,0,0,0,64789
556,23506869,8021,3824,4837,0,1133,2461,2216,0,0,0,46037
557,23514545,230,288,764,482,1523,1650,464,0,0,0,5548
558,23516638,811,0,0,794,2367,3635,374,0,0,0,10218
559,23523922,0,0,3225,10405,5644,2630,373,0,0,0,22277
560,23524078,422,0,0,0,0,0,0,0,0,0,1545
561,23532804,641,2750,1470,306,0,705,0,0,0,0,5872
562,23533641,867,1152,1106,500,1140,976,853,0,0,0,7262
563,23542735,480,1663,1187,0,641,2585,0,0,0,0,7601
564,23546879,927,1797,0,0,0,0,0,0,0,0,2724
565,23556640,0,472,1717,793,501,214,0,0,0,0,4497
566,23556957,11648,8565,11725,3766,6236,4993,2829,0,0,0,69948
567,23559451,610,2439,4089,1895,0,0,0,0,0,0,21820
568,23563244,10117,7999,11319,3090,15191,19239,5008,0,0,0,82547
569,23563702,0,0,0,0,0,0,0,0,0,0,3228
570,23569262,3403,998,2368,1968,1656,2012,612,0,0,0,16492
571,23573418,4499,4503,2014,625,1505,480,459,0,0,0,17924
572,23573918,4861,2927,6921,2568,4526,1973,1611,0,0,0,38431
573,23596694,5137,1251,3026,286,0,0,0,0,0,0,15493
574,23604991,3448,3501,1131,287,2242,1242,306,0,0,0,15985
575,23606576,342,189,225,5373,284,155,0,0,0,0,12928
576,23614202,2361,0,0,0,0,0,2716,0,0,0,5381
577,23649102,446,1419,776,264,2650,807,596,0,0,0,10672
578,236548971,0,0,960,2492,641,595,231,0,0,0,5699
579,23662776,0,0,700,0,0,0,0,0,0,0,700
580,2368868,2591,1090,1157,446,1554,1037,118,0,0,0,9164
581,23692711,0,0,0,374,2487,1024,1671,0,0,0,7043
582,23694624,1338,928,0,0,0,0,0,0,0,0,9821
583,23701326,0,0,0,0,0,0,0,0,0,0,2385
584,23716083,263,545,401,1479,666,0,0,0,0,0,8173
585,23717440,3699,2210,1496,1495,5265,1026,751,0,0,0,18154
586,2374744,120,0,0,0,0,0,0,0,0,0,803
587,23760677,916,2173,2104,1182,2072,150,0,0,0,0,24315
588,23772730,836,1688,2437,1531,361,1662,280,0,0,0,11244
589,23772756,6975,2481,7408,0,5279,6448,0,0,0,0,46655
590,2377993,0,1179,995,0,0,0,493,0,0,0,3482
591,23784999,0,0,0,2386,0,0,0,0,0,0,12178
592,23785640,1391,0,1308,0,1049,0,0,0,0,0,4452
593,23785817,0,0,2336,714,0,0,0,0,0,0,3984
594,23785837,0,0,0,0,0,566,0,0,0,0,566
595,23787629,2289,1989,1067,0,1714,0,0,0,0,0,12226
596,2379271,7593,4571,22775,0,990,0,0,0,0,0,35929
597,23818207,817,0,2035,0,1935,806,0,0,0,0,5593
598,23821650,0,2239,782,993,0,0,147,0,0,0,4161
599,23824770,0,0,0,0,9539,0,0,0,0,0,24478
600,23826909,776,3079,560,782,0,693,0,0,0,0,7521
601,23833102,1082,624,692,389,934,509,956,0,0,0,6143
602,23835266,0,0,0,0,0,0,1087,0,0,0,1087
603,23841761,1424,3708,12052,1390,711,1564,0,0,0,0,26974
604,23863122,2066,0,0,0,0,0,0,0,0,0,3160
605,23867042,1290,1476,1735,588,3570,2208,0,0,0,0,19855
606,23881396,1065,0,185,0,0,0,0,0,0,0,2468
607,23881604,518,0,0,0,1497,0,0,0,0,0,2015
608,23887477,6948,0,9736,7195,10364,8167,0,0,0,0,52623
609,23892939,5681,120,2410,0,1050,1299,1201,0,0,0,21758
610,2391363,0,0,0,0,1538,2650,175,0,0,0,4363
611,23917128,0,0,3423,0,2727,633,0,0,0,0,10870
612,23919691,2130,0,0,0,0,0,0,0,0,0,4466
613,23922191,0,0,681,0,1638,0,0,0,0,0,2319
614,23927629,0,0,0,0,0,0,0,0,0,0,9625
615,23953215,5854,5419,9380,5672,9591,9018,3132,0,0,0,85022
616,23974332,1061,532,695,180,1521,1282,0,0,0,0,5535
617,23978479,0,1070,0,523,1025,365,0,0,0,0,3107
618,23982016,0,1815,0,0,0,687,105,0,0,0,12792
619,23983180,0,0,1817,0,0,0,0,0,0,0,1817
620,23983774,440,1451,944,0,0,0,878,0,0,0,4640
621,23987783,570,0,3858,880,1816,1357,2945,0,0,0,17120
622,24014333,9090,5507,7481,4742,7481,6896,10684,0,0,0,70929
623,24015995,0,220,0,1701,0,692,1015,0,0,0,13131
624,24016739,0,0,0,0,0,0,0,0,0,0,2778
625,24027695,9742,4273,5771,990,3818,4075,3111,0,0,0,47025
626,24041970,921,543,840,130,0,334,0,0,0,0,2768
627,24043136,1793,1459,3553,676,1033,1017,0,0,0,0,14345
628,24057669,0,0,2131,0,340,800,1509,0,0,0,9816
629,24058329,3350,1509,651,331,1457,1953,397,0,0,0,27036
630,24060931,455,225,0,500,2542,0,0,0,0,0,4560
631,24077024,650,1250,2132,0,0,320,0,0,0,0,5732
632,24087842,607,435,5812,3398,2486,1781,0,0,0,0,18661
633,24101250,1328,0,0,1282,0,0,0,0,0,0,3358
634,24121280,1101,1127,1927,282,1918,1043,678,0,0,0,11832
635,24127941,0,0,0,0,0,3535,1924,0,0,0,5459
636,24128538,0,616,0,0,289,0,140,0,0,0,1275
637,24135362,1773,1052,0,947,0,850,0,0,0,0,6412
638,24152909,650,1377,2776,526,1463,2619,2004,0,0,0,11415
639,24164760,0,0,0,0,0,0,0,0,0,0,597
640,24165220,2107,1287,1671,437,1383,875,0,0,0,0,15702
641,24165420,0,0,0,0,0,0,0,0,0,0,384
642,24166519,452,555,1641,0,1040,480,0,0,0,0,6622
643,24168068,802,0,0,0,240,691,1680,0,0,0,4743
644,24168404,540,521,756,1246,1773,1740,501,0,0,0,9649
645,24169110,845,343,1116,613,762,840,359,0,0,0,6572
646,24181367,0,0,0,0,0,6185,0,0,0,0,6185
647,24197552,1732,510,0,973,1311,515,0,0,0,0,7609
648,24202148,2955,2803,4730,1607,4319,3223,2564,0,0,0,25400
649,24202363,220,2092,3920,4712,2006,0,1340,0,0,0,16176
650,24214659,0,0,485,0,3622,1169,0,0,0,0,7009
651,24226524,5432,2359,1517,1594,0,1006,0,0,0,0,14569
652,24242456,0,2826,463,391,0,1195,339,0,0,0,6492
653,24251135,0,0,2765,2535,781,0,0,0,0,0,6081
654,24253382,3549,18322,2068,1157,2079,550,0,0,0,0,43796
655,24270917,2618,3755,4425,2521,2741,7437,1420,0,0,0,30348
656,24278001,0,0,1020,0,0,0,0,0,0,0,1020
657,24281268,4136,0,1342,0,0,0,0,0,0,0,10864
658,24289431,0,3876,4364,1144,2455,3438,3521,0,0,0,43315
659,24291103,1620,1012,0,1635,0,0,473,0,0,0,7451
660,24295553,0,0,1101,0,3019,0,0,0,0,0,4120
661,24296165,0,0,0,0,0,0,0,0,0,0,4826
662,24297633,0,0,0,530,100,0,0,0,0,0,630
663,24332428,3410,3612,3015,1155,3802,3923,1291,0,0,0,27989
664,24351495,2218,3497,1858,2028,2169,1591,1124,0,0,0,28587
665,24352185,759,997,769,0,2922,454,475,0,0,0,8942
666,243550973,4231,2174,3768,4039,3997,3810,1456,0,0,0,28392
667,24379798,0,0,0,0,0,3822,726,0,0,0,4548
668,24380668,400,1539,0,1245,201,0,0,0,0,0,12981
669,24381896,1054,0,0,0,0,0,0,0,0,0,4412
670,24382093,0,1411,2490,1260,2463,0,0,0,0,0,20756
671,24382291,1232,262,455,0,0,0,0,0,0,0,2528
672,24383442,0,0,0,0,206,0,0,0,0,0,740
673,24383549,2601,3903,1534,362,0,203,0,0,0,0,11310
674,24385011,801,0,0,0,0,0,0,0,0,0,2556
675,24385073,2221,0,459,0,179,627,0,0,0,0,3486
676,24387506,9430,1009,2098,0,8562,450,0,0,0,0,21549
677,24396753,2369,8341,4267,0,5934,2254,868,0,0,0,31428
678,24410836,5283,6476,11978,3775,0,0,171,0,0,0,47463
679,24439634,843,6066,1369,2000,2536,2160,310,0,0,0,22049
680,2444152,0,0,0,0,552,965,284,0,0,0,4825
681,2444253,0,921,799,540,0,0,0,0,0,0,5692
682,2444268,0,0,0,0,6133,4298,0,0,0,0,10431
683,24444148,8113,2648,0,0,969,850,3974,0,0,0,16554
684,2445193,0,0,0,0,0,0,0,0,0,0,120
685,2445237,486,2620,966,716,0,2989,0,0,0,0,9576
686,2445626,1991,2520,1340,955,0,2031,1407,0,0,0,11963
687,2445635,4460,5043,0,0,0,2968,0,0,0,0,22452
688,24456874,199,0,0,0,0,0,0,0,0,0,323
689,24458435,0,0,0,0,4449,923,145,0,0,0,5517
690,24458453,0,0,0,297,0,0,1166,0,0,0,1463
691,24458459,0,690,240,0,844,2181,0,0,0,0,6859
692,2448056,0,0,442,1256,1424,0,0,0,0,0,3122
693,24482204,9567,21716,32047,12016,30269,23441,27947,0,0,0,163278
694,2448420,0,0,0,0,0,166,0,0,0,0,166
695,2449595,250,0,695,160,567,0,420,0,0,0,2889
696,24497781,0,0,0,0,0,0,0,0,0,0,1648
697,2450139,0,0,554,1275,786,893,1517,0,0,0,6178
698,24503044,1503,0,0,0,0,3159,0,0,0,0,4662
699,2450453,2620,3919,3465,2214,2136,2036,1830,0,0,0,30295
700,24511109,0,0,0,0,0,0,0,0,0,0,941
701,24511602,1506,2758,5604,2340,2515,2933,2159,0,0,0,26259
702,24512339,1595,854,0,0,2199,663,0,0,0,0,13022
703,24517239,4989,665,1306,241,2986,5294,2863,0,0,0,19355
704,24518772,328,0,0,0,1065,0,120,0,0,0,1513
705,2451886,186,1667,0,0,2372,1311,485,0,0,0,7931
706,24518885,4064,1737,0,1095,0,1145,0,0,0,0,12462
707,24518982,0,0,0,0,0,744,0,0,0,0,744
708,24525121,1243,1772,1731,338,2603,956,885,0,0,0,11619
709,24532513,4710,891,1172,1146,1019,5526,1176,0,0,0,17846
710,24537417,0,0,0,0,1060,507,0,0,0,0,1567
711,24549090,130,200,0,179,720,564,0,0,0,0,3534
712,24553648,0,2651,1430,1635,541,9304,1288,0,0,0,27193
713,24557579,3049,3482,2177,828,1740,2186,1085,0,0,0,17572
714,24558890,0,0,0,0,0,3769,0,0,0,0,3769
715,24562145,1212,0,1265,0,363,0,0,0,0,0,5206
716,2456253,0,0,0,0,0,0,0,0,0,0,2673
717,24565540,311,0,1606,0,0,270,0,0,0,0,3062
718,24568524,0,0,0,386,1610,4704,0,0,0,0,6700
719,24569509,0,1478,745,0,0,3379,456,0,0,0,12249
720,24569550,1260,240,1569,586,685,0,3970,0,0,0,8310
721,24570489,0,0,0,0,0,0,0,0,0,0,4095
722,24573120,479,4286,6296,332,3981,3722,3611,0,0,0,32081
723,24578630,0,0,0,0,0,2352,0,0,0,0,2594
724,24579358,590,133,0,0,445,746,1875,0,0,0,7210
725,24579752,0,0,0,0,965,0,0,0,0,0,965
726,24585417,0,0,0,0,0,0,0,0,0,0,1350
727,24586536,2950,0,2150,0,3785,1000,0,0,0,0,16277
728,24589630,820,0,4626,2656,590,0,0,0,0,0,10835
729,24594480,290,0,0,0,0,775,870,0,0,0,3472
730,24594522,0,0,0,0,363,1455,279,0,0,0,2537
731,24635229,3154,6412,4983,1662,10078,5612,2682,0,0,0,43365
732,24637108,1877,0,886,1233,2044,1121,152,0,0,0,18241
733,24660011,0,1741,0,895,287,548,917,0,0,0,7531
734,24660724,8431,7441,3799,0,0,0,2172,0,0,0,32021
735,24666937,440,1739,1051,400,3970,990,2407,0,0,0,13658
736,24670335,2036,0,0,0,415,0,0,0,0,0,2451
737,24672519,3475,7130,3811,3913,1434,1874,1642,0,0,0,32249
738,2470196,0,0,0,292,1794,0,0,0,0,0,2086
739,24703511,3568,1577,2363,995,3266,2065,0,0,0,0,21663
740,2470401,0,0,0,0,0,1432,880,0,0,0,2432
741,2470473,0,3641,0,0,0,0,0,0,0,0,3641
742,24729073,0,0,290,0,0,0,0,0,0,0,2471
743,24756451,903,1685,3748,0,1961,0,1286,0,0,0,9583
744,24764872,901,373,345,0,0,610,0,0,0,0,2818
745,24765497,0,0,981,0,0,0,0,0,0,0,3821
746,24770793,0,0,0,0,0,2336,779,0,0,0,5282
747,24775551,0,0,0,451,0,0,0,0,0,0,1300
748,24809403,0,1232,0,0,0,4891,0,0,0,0,6123
749,24815062,2602,1717,1867,1582,192,1965,5269,0,0,0,21651
750,24824767,0,0,820,0,0,0,0,0,0,0,1645
751,24825388,0,0,0,0,0,333,0,0,0,0,333
752,248288502,0,0,807,2280,0,0,0,0,0,0,4971
753,24832739,0,0,0,0,0,795,1699,0,0,0,2494
754,24858130,0,0,0,0,377,0,320,0,0,0,697
755,24884935,0,0,0,0,0,0,0,0,0,0,5865
756,24901415,0,0,5058,0,0,0,0,0,0,0,5058
757,24901434,1988,2162,6986,269,364,748,579,0,0,0,19320
758,24907532,0,0,0,0,0,0,0,0,0,0,1085
759,24908874,582,879,1541,671,1099,2565,1293,0,0,0,11716
760,24911249,737,0,0,0,0,0,0,0,0,0,737
761,24917929,230,0,0,0,0,0,0,0,0,0,230
762,24918482,0,960,0,0,0,0,0,0,0,0,2060
763,24925822,0,0,0,0,0,0,1579,0,0,0,1579
764,24927992,942,1913,245,829,766,1175,341,0,0,0,11169
765,24928158,2149,3059,4949,1148,205,0,1366,0,0,0,18362
766,24928666,0,0,0,0,0,0,0,0,0,0,3333
767,24938964,0,0,0,0,0,320,490,0,0,0,810
768,24946481,4994,4289,3134,3672,3984,1230,2544,0,0,0,40014
769,24955249,3816,1929,243,0,0,0,0,0,0,0,8862
770,24956173,0,0,0,0,543,278,130,0,0,0,951
771,24976842,1389,5904,710,1044,1461,2637,602,0,0,0,15570
772,24979358,1336,3628,0,199,1817,430,638,0,0,0,9918
773,2499015,370,0,388,307,934,512,0,0,0,0,5052
774,2499087,3796,664,3351,3929,1736,3525,2398,0,0,0,21869
775,2499092,0,0,537,675,2977,0,0,0,0,0,32673
776,2499248,0,0,571,260,0,0,647,0,0,0,3286
777,24994234,1337,699,0,0,564,1321,0,0,0,0,10238
778,25000343,0,0,238,0,0,0,0,0,0,0,238
779,25005009,855,1115,0,0,451,1169,0,0,0,0,9035
780,25005494,1180,2876,2698,802,1087,785,719,0,0,0,14023
781,25010967,1454,265,4513,3684,3228,3421,1588,0,0,0,19330
782,25014573,6500,3446,0,2914,3984,1151,630,0,0,0,25694
783,25025422,0,0,0,1192,0,0,1035,0,0,0,3305
784,25025981,0,1277,718,1873,1305,198,0,0,0,0,11685
785,25028437,0,0,498,0,0,0,0,0,0,0,1242
786,25033639,0,0,1856,5680,1218,2454,0,0,0,0,11208
787,25036441,3062,3705,1752,728,0,890,0,0,0,0,16994
788,25054342,0,0,0,887,0,0,0,0,0,0,887
789,25060042,2710,927,1892,1177,4955,3159,1238,0,0,0,32091
790,25061787,160,706,1280,7145,1268,540,2691,0,0,0,15155
791,25079895,2611,2843,4512,877,4619,8991,2058,0,0,0,32040
792,25082294,0,0,0,0,0,0,219,0,0,0,219
793,25085791,1457,2870,1703,1358,1129,9222,501,0,0,0,22446
794,25086267,1822,399,817,848,420,694,645,0,0,0,12103
795,2508977,0,990,1212,0,651,0,0,0,0,0,6177
796,25095595,0,0,415,0,0,0,0,0,0,0,415
797,25113270,2962,2271,2207,163,2758,1491,600,0,0,0,20838
798,25115360,392,0,0,686,0,0,0,0,0,0,1412
799,25118449,0,0,0,1600,0,0,0,0,0,0,1600
800,25132155,1523,0,787,0,355,3208,0,0,0,0,8273
801,2513870,2733,3033,2329,563,8096,285,2500,0,0,0,27706
802,2514406,0,0,0,0,0,2151,0,0,0,0,2151
803,25150845,0,0,0,3480,3955,1941,425,0,0,0,9801
804,25151606,0,0,0,0,600,998,942,0,0,0,2540
805,25155135,3664,876,1212,3013,1037,1599,645,0,0,0,19241
806,25155239,0,0,874,1506,100,1095,185,0,0,0,3760
807,25160099,2126,377,595,0,0,8077,0,0,0,0,17258
808,25169737,0,1035,0,210,545,410,0,0,0,0,25952
809,25172079,0,882,0,0,708,201,0,0,0,0,2551
810,25180930,550,3059,555,189,0,0,0,0,0,0,4353
811,25212824,1531,4923,8251,2025,4340,2138,0,0,0,0,28650
812,25219224,2461,0,1239,0,0,752,0,0,0,0,12509
813,25219250,0,1520,3135,0,0,1710,0,0,0,0,9663
814,25222365,0,0,0,0,0,0,0,0,0,0,818
815,25223316,5621,5935,3652,3404,4451,6024,606,0,0,0,49174
816,25227474,0,544,0,0,0,0,0,0,0,0,544
817,25227723,576,743,0,0,194,0,0,0,0,0,1708
818,25249130,3243,2162,3145,2357,4936,2187,869,0,0,0,25475
819,25262114,0,0,0,0,0,1146,0,0,0,0,1146
820,25265444,4578,480,5420,4524,9384,426,5763,0,0,0,43453
821,25297571,779,2070,1605,0,906,1006,0,0,0,0,6366
822,25302993,1835,708,0,0,1857,645,0,0,0,0,40017
823,2530788,720,357,1128,0,958,716,0,0,0,0,4144
824,25319371,0,497,0,0,760,0,0,0,0,0,1872
825,25321734,1496,2830,1005,527,1488,244,695,0,0,0,10378
826,25339919,0,0,0,0,0,0,1241,0,0,0,1241
827,2534177,0,2212,1010,0,2754,1139,0,0,0,0,7115
828,25344394,1812,4609,1973,364,2196,3524,4843,0,0,0,47255
829,25348316,2132,2674,2871,1433,1101,1890,683,0,0,0,23289
830,25354763,0,0,0,0,0,0,0,0,0,0,599
831,25355239,0,0,1648,2998,2527,807,916,0,0,0,8896
832,25358120,0,2122,3904,1109,2504,3408,0,0,0,0,17285
833,25364619,7940,1802,4273,3523,6454,2928,2014,0,0,0,32217
834,25365356,0,2525,3725,0,0,0,0,0,0,0,11421
835,25367166,834,0,1470,955,0,0,0,0,0,0,4832
836,25373800,0,0,10789,0,3777,0,0,0,0,0,14566
837,25375207,0,1466,2449,3014,994,0,0,0,0,0,10697
838,2538713,118,362,0,0,0,0,0,0,0,0,620
839,25392865,0,0,0,0,985,3319,1840,0,0,0,8560
840,25410351,0,0,0,0,1448,279,2206,0,0,0,3933
841,25446252,8158,9310,6725,6493,0,0,0,0,0,0,37964
842,25457588,461,2242,0,0,0,0,0,0,0,0,3824
843,25488947,1255,5151,2861,0,0,0,2270,0,0,0,17140
844,25540420,950,856,1713,1546,1547,1211,1337,0,0,0,13996
845,25545376,4438,2300,1934,800,400,550,0,0,0,0,24441
846,25548441,0,11754,6306,6243,8731,5037,4833,0,0,0,54461
847,25572296,1140,4241,7191,3095,660,4019,436,0,0,0,23049
848,25573209,0,0,1972,0,0,0,0,0,0,0,3626
849,25612713,4242,3818,3615,1612,1204,0,529,0,0,0,16482
850,25617679,268,2422,2252,0,0,0,0,0,0,0,8640
851,25618237,0,0,0,0,0,0,0,0,0,0,1195
852,25637631,0,1683,0,0,0,0,0,0,0,0,1683
853,25640472,290,3020,3591,0,2279,0,0,0,0,0,17261
854,25645369,0,0,0,0,0,0,0,0,0,0,7988
855,25647614,316,979,3574,267,1181,2418,228,0,0,0,11357
856,25654826,390,485,0,370,0,0,845,0,0,0,2090
857,25662408,0,2563,0,0,445,1173,1021,0,0,0,5202
858,25680614,2576,2725,2556,1355,866,2111,1573,0,0,0,25536
859,25734491,1605,9835,6070,1176,787,548,0,0,0,0,33555
860,25741991,4068,2471,2967,2485,4072,0,4075,0,0,0,40132
861,25746102,234,380,783,995,725,0,525,0,0,0,5684
862,25768536,5388,4162,10386,3443,8897,7343,10314,0,0,0,68656
863,25780018,0,0,0,0,0,0,788,0,0,0,788
864,25781155,2814,1117,1051,253,2135,0,533,0,0,0,11406
865,25789421,0,0,0,0,0,0,0,0,0,0,11441
866,25812497,0,0,0,0,0,0,0,0,0,0,2293
867,258165749,0,752,735,0,185,0,0,0,0,0,4678
868,25819029,2398,285,8313,4656,9251,7233,7171,0,0,0,45396
869,25852428,0,0,0,0,647,1739,1011,0,0,0,3397
870,25856657,0,1180,0,0,677,1254,0,0,0,0,3111
871,25861070,0,0,0,0,0,0,0,0,0,0,717
872,25871329,0,0,0,0,0,1878,0,0,0,0,1878
873,25881258,0,0,624,0,411,0,374,0,0,0,1409
874,25892941,0,0,0,923,0,0,0,0,0,0,923
875,25901205,13925,15444,17765,10687,15713,11184,5192,0,0,0,128320
876,25913500,275,738,1076,0,0,549,165,0,0,0,2803
877,25933482,2681,3487,2033,1416,2215,2083,0,0,0,0,16467
878,25967431,1083,0,1137,0,0,0,1013,0,0,0,6719
879,25968058,5878,214,4985,0,4006,4492,0,0,0,0,33030
880,25972914,0,2513,385,0,0,250,0,0,0,0,3148
881,25992353,1975,3022,2676,449,465,2405,0,0,0,0,16818
882,25995165,901,2978,3405,0,5086,4124,105,0,0,0,19241
883,259977,2658,2164,1634,500,500,445,955,0,0,0,13922
884,26068318,4008,4023,3892,0,4021,5517,3857,0,0,0,41183
885,26110839,3343,1598,2257,433,1386,1201,757,0,0,0,29547
886,26123801,2842,2922,2275,717,1891,1859,0,0,0,0,17330
887,26125843,2093,2133,1804,741,7291,657,662,0,0,0,27058
888,26206798,594,2248,4437,3166,1478,3400,2288,0,0,0,28911
889,26209467,0,0,0,0,0,0,0,0,0,0,4516
890,26209622,386,0,0,0,0,1095,0,0,0,0,2438
891,26246759,1076,0,0,0,0,1433,2217,0,0,0,5749
892,26247975,0,0,0,357,0,170,0,0,0,0,1414
893,26253577,6783,1926,2388,2388,4110,2100,2374,0,0,0,35481
894,26254184,1426,115,215,0,235,3020,0,0,0,0,5011
895,26266160,0,1353,0,0,343,0,0,0,0,0,1893
896,26267863,3521,5375,2183,369,3366,2666,1514,0,0,0,26400
897,26268168,6571,0,0,0,0,0,0,0,0,0,50259
898,26280974,0,0,475,0,0,1299,0,0,0,0,1774
899,26311580,0,1081,1145,1481,0,0,0,0,0,0,3707
900,26318062,869,280,3753,1821,2422,2460,4139,0,0,0,22894
901,26323289,0,603,617,431,0,0,495,0,0,0,2978
902,26345147,12179,1249,21993,4805,11314,12998,9407,0,0,0,77333
903,26355769,678,573,569,0,742,1193,538,0,0,0,5423
904,26355889,0,305,0,544,0,849,0,0,0,0,7334
905,26393855,0,0,0,0,0,1256,0,0,0,0,1256
906,26403057,1297,1173,1101,1844,6081,3689,0,0,0,0,20641
907,26418826,134,1321,0,0,0,0,0,0,0,0,7695
908,26424483,0,191,202,0,0,0,0,0,0,0,987
909,26425603,510,1335,2827,1694,3777,686,1476,0,0,0,13840
910,26429276,0,0,2340,0,0,0,0,0,0,0,6768
911,26435209,754,1559,988,0,0,0,0,0,0,0,5936
912,26442358,0,527,1045,435,455,1144,0,0,0,0,5817
913,2644428,1546,1421,6511,2462,5071,3870,988,0,0,0,29573
914,26452358,400,440,237,0,1427,365,745,0,0,0,3774
915,26457939,1643,1997,1647,3260,868,2350,1300,0,0,0,17260
916,26479707,0,4379,2253,510,1189,4298,0,0,0,0,17199
917,26533134,0,0,0,0,0,412,0,0,0,0,2676
918,26548461,0,0,0,0,0,0,0,0,0,0,991
919,26583912,1761,1643,0,0,0,0,0,0,0,0,5275
920,266036,800,816,2798,0,1672,0,0,0,0,0,8725
921,26616482,0,0,0,0,0,4738,140,0,0,0,4878
922,266210178,3141,2909,0,0,0,1441,0,0,0,0,9248
923,26623814,11767,7709,0,298,0,492,277,0,0,0,40532
924,26654418,313,205,366,0,0,220,0,0,0,0,2365
925,267177,1796,615,2762,2940,1572,2562,0,0,0,0,23268
926,26720706,574,1022,1347,1340,1312,1479,602,0,0,0,21211
927,267383,0,0,0,676,0,0,0,0,0,0,676
928,26759567,115,1032,2166,145,1365,784,180,0,0,0,6685
929,26780534,2916,3334,1024,989,723,1015,3415,0,0,0,16841
930,26800190,3352,0,2060,0,1025,3145,0,0,0,0,19391
931,26803558,2842,0,0,1731,821,404,0,0,0,0,11705
932,26808015,8829,1470,1104,2056,8485,2425,277,0,0,0,40211
933,26808030,0,0,400,1492,999,1091,860,0,0,0,4842
934,26821552,0,0,5725,315,1176,1842,790,0,0,0,9848
935,26827409,3488,3067,1977,1614,0,1717,790,0,0,0,13728
936,26900791,1968,3464,3676,1984,3027,2275,1544,0,0,0,21822
937,26910634,1569,975,548,612,2165,2437,872,0,0,0,11396
938,26913234,135,0,0,1315,100,0,0,0,0,0,2708
939,26913338,5278,4356,5314,2471,3785,0,525,0,0,0,34917
940,26914522,0,0,0,0,6813,5143,0,0,0,0,11956
941,26950319,3343,1513,958,1283,2702,2366,0,0,0,0,29636
942,26967814,4221,3459,1155,2240,2221,0,0,0,0,0,25168
943,269719,0,0,0,190,0,0,0,0,0,0,190
944,26978305,626,1472,966,0,826,498,250,0,0,0,5671
945,26980834,0,0,0,0,941,4049,611,0,0,0,5601
946,26985776,0,0,0,0,1939,1026,0,0,0,0,2965
947,26997801,375,737,0,736,2560,1106,2512,0,0,0,13273
948,27006368,0,685,1149,860,3266,2869,6480,0,0,0,15309
949,27015145,0,0,0,0,5610,8890,0,0,0,0,14500
950,27019916,3514,0,0,0,0,0,0,0,0,0,18926
951,27020342,0,0,0,0,0,0,1491,0,0,0,1491
952,27037599,300,178,0,0,0,0,0,0,0,0,478
953,27042212,2697,1302,910,1892,0,0,0,0,0,0,12445
954,27048473,0,0,0,0,0,5340,0,0,0,0,5340
955,27051696,1070,0,0,0,881,4133,0,0,0,0,11183
956,27052528,485,0,525,163,309,276,1141,0,0,0,5608
957,27054103,0,0,0,0,0,0,1664,0,0,0,1664
958,27072031,0,0,1682,112,1784,5585,1425,0,0,0,10588
959,27072276,2181,510,3658,0,0,0,0,0,0,0,11696
960,27082643,894,5585,1206,0,0,2168,0,0,0,0,15792
961,27082905,1248,4710,4224,1137,4581,3638,1763,0,0,0,25104
962,27085023,0,0,538,0,589,353,0,0,0,0,1480
963,27127026,2327,2905,0,0,1907,0,704,0,0,0,8683
964,27130571,17501,0,7160,9738,5426,11516,4579,0,0,0,92747
965,27155930,883,467,475,240,1183,1060,0,0,0,0,6945
966,27166687,0,0,0,0,0,0,397,0,0,0,397
967,27242659,0,0,0,0,0,0,0,0,0,0,5596
968,27255960,0,0,0,0,2978,0,0,0,0,0,5806
969,27261918,920,0,2424,373,0,0,729,0,0,0,9571
970,27272731,0,0,3116,850,5477,3730,2423,0,0,0,15596
971,27273847,2119,6318,170,0,0,143,0,0,0,0,11844
972,27280457,1488,2620,496,1044,1163,1514,1497,0,0,0,23695
973,27296957,0,0,1739,0,0,488,960,0,0,0,3187
974,27305168,860,1726,0,1198,762,775,0,0,0,0,10912
975,27311024,6631,5281,0,1456,3348,4184,4619,0,0,0,35271
976,27312170,1887,499,1177,862,739,2636,0,0,0,0,9447
977,27319156,826,2637,4344,1551,3512,1230,0,0,0,0,16070
978,27322656,441,2240,916,1931,3550,2553,1539,0,0,0,17611
979,27323506,1085,2490,2050,615,713,5212,438,0,0,0,16463
980,27324412,4804,1976,976,0,2957,3610,0,0,0,0,41674
981,27330161,9540,4805,1569,2606,4920,1946,2080,0,0,0,33669
982,27330585,804,1820,1165,0,820,0,0,0,0,0,4609
983,27340041,1105,740,2018,0,0,0,0,0,0,0,3863
984,27340972,0,2111,1900,0,4650,800,0,0,0,0,15580
985,27350733,737,1738,1589,684,4594,2824,528,0,0,0,18224
986,27359390,1003,0,0,0,0,0,0,0,0,0,1003
987,27381232,3997,2150,7647,0,2672,0,1000,0,0,0,22880
988,27386242,991,0,932,0,331,0,0,0,0,0,4129
989,27390053,3847,4092,2282,5900,6848,2126,1665,0,0,0,41362
990,27392536,0,0,0,0,2438,1103,640,0,0,0,4181
991,27397656,1506,1132,2214,1548,209,3360,1957,0,0,0,14115
992,27415174,0,0,0,0,420,883,0,0,0,0,3189
993,27416728,2723,4381,0,656,3682,1704,0,0,0,0,14383
994,27438629,0,0,0,0,0,0,0,0,0,0,1699
995,27470490,1165,0,0,0,0,5663,0,0,0,0,8876
996,27478818,2178,1482,826,1053,1471,0,0,0,0,0,9307
997,27482061,2548,0,765,0,0,1030,290,0,0,0,15673
998,27482393,0,0,0,0,0,0,0,0,0,0,6567
999,27494735,5512,1888,2188,313,1882,1552,2325,0,0,0,39887
1000,27507924,1194,2210,3794,1019,4072,3297,435,0,0,0,24330
1001,27509092,901,405,0,217,0,125,0,0,0,0,3213
1002,275207395,0,0,0,0,0,0,0,0,0,0,359
1003,27551204,0,0,0,0,0,0,0,0,0,0,3171
1004,27553686,0,34075,3137,322,0,6518,3499,0,0,0,55640
1005,27562727,1968,0,228,0,0,1867,320,0,0,0,5756
1006,27594955,0,0,0,0,0,0,0,0,0,0,397
1007,27651685,2002,5399,4025,1018,3640,0,909,0,0,0,25601
1008,27668861,46106,67644,78692,57795,62330,84636,98101,0,0,0,653818
1009,27677220,142,0,1195,0,1301,530,0,0,0,0,3168
1010,27677239,0,0,0,0,0,0,0,0,0,0,905
1011,2769863,0,0,0,0,0,0,0,0,0,0,1488
1012,27710212,595,13761,1773,1796,704,2226,2911,0,0,0,28511
1013,27718681,0,1707,2289,3750,5257,3248,1250,0,0,0,17501
1014,27726160,600,0,0,0,0,0,0,0,0,0,8225
1015,27744946,2950,3547,6702,600,2991,3529,841,0,0,0,28878
1016,27760342,0,0,0,0,0,0,348,0,0,0,348
1017,27760994,0,0,0,2141,719,0,0,0,0,0,2860
1018,27764811,0,0,0,0,0,0,1629,0,0,0,1629
1019,27765511,0,0,702,1282,0,103,0,0,0,0,2087
1020,27772849,0,0,0,0,0,0,0,0,0,0,2534
1021,27784219,0,0,0,1687,1923,435,0,0,0,0,4045
1022,27793033,0,3057,445,470,0,260,0,0,0,0,4232
1023,27793212,0,0,1776,712,3845,327,567,0,0,0,7227
1024,27814464,0,1909,2014,265,3278,0,0,0,0,0,9164
1025,27821601,1323,2290,1021,232,763,773,390,0,0,0,10170
1026,27830822,0,0,0,0,0,1624,0,0,0,0,1624
1027,27840187,3882,359,1865,1915,2284,1804,0,0,0,0,19957
1028,27848258,0,0,0,0,0,0,125,0,0,0,125
1029,27848458,0,0,0,0,0,0,0,0,0,0,709
1030,27849353,2187,650,2951,2271,3255,139,525,0,0,0,18140
1031,27850307,588,0,334,0,0,347,0,0,0,0,6969
1032,27857112,0,642,0,0,1082,1496,3212,0,0,0,11318
1033,27857252,859,0,835,0,631,0,602,0,0,0,6299
1034,27857316,2841,370,102,0,2163,1261,189,0,0,0,6926
1035,27857999,5251,2585,4011,1366,1469,2400,1336,0,0,0,27914
1036,27859999,0,0,0,458,4243,0,0,0,0,0,14611
1037,27861707,2502,536,1627,1118,798,0,0,0,0,0,9395
1038,27866834,0,120,0,0,605,0,0,0,0,0,956
1039,27869799,5320,2044,4047,0,4742,3802,901,0,0,0,20975
1040,27870283,538,0,808,0,0,0,0,0,0,0,6330
1041,27870361,0,923,8689,595,681,0,0,0,0,0,17333
1042,27870845,796,0,793,175,0,118,0,0,0,0,5606
1043,27874777,0,0,0,0,0,0,0,0,0,0,420
1044,27876253,4615,0,0,0,0,0,0,0,0,0,4615
1045,27878301,1504,945,1828,0,0,0,0,0,0,0,8790
1046,27880650,859,1483,1557,0,301,0,0,0,0,0,4200
1047,27885106,10269,4917,1765,0,1901,0,0,0,0,0,32621
1048,27903785,6480,4040,4498,9075,1468,5261,855,0,0,0,35775
1049,27913369,504,1008,1008,0,0,0,0,0,0,0,4536
1050,27916015,174,0,0,0,0,0,0,0,0,0,174
1051,27921722,0,0,0,571,348,3496,615,0,0,0,5030
1052,27923575,0,0,0,0,121,644,2059,0,0,0,2824
1053,27925316,4219,3222,488,179,425,971,0,0,0,0,17013
1054,27925386,1937,0,1092,844,4898,225,605,0,0,0,23138
1055,27929309,900,519,484,239,0,0,1271,0,0,0,3653
1056,27940941,3572,6600,7781,2333,2873,3315,872,0,0,0,33470
1057,27973487,2257,3174,1748,0,0,0,0,0,0,0,41187
1058,27978366,0,0,0,0,0,3242,651,0,0,0,3893
1059,27978386,0,4065,1348,0,774,1739,640,0,0,0,17805
1060,27984191,1970,3379,230,0,0,0,0,0,0,0,12241
1061,27987171,0,0,0,0,0,979,255,0,0,0,3879
1062,27988684,2309,0,0,242,1523,145,0,0,0,0,6867
1063,28011193,0,4245,1135,0,1159,3535,650,0,0,0,23757
1064,28015407,0,0,0,0,0,0,0,0,0,0,40256
1065,28017992,1705,3040,1657,0,1298,1397,0,0,0,0,11317
1066,28026975,2706,858,4209,0,215,825,0,0,0,0,16888
1067,28030322,0,0,0,0,348,0,0,0,0,0,565
1068,28070037,9412,3314,9110,961,3334,1655,1574,0,0,0,38967
1069,28074355,0,215,0,0,0,0,0,0,0,0,1288
1070,28079016,888,1300,0,0,0,0,0,0,0,0,4953
1071,28097755,0,0,290,1350,0,0,243,0,0,0,2082
1072,28104207,1846,1355,1270,6950,967,3041,0,0,0,0,15429
1073,28114281,1566,1400,921,0,807,0,672,0,0,0,8598
1074,28126824,0,0,0,0,0,0,0,0,0,0,1050
1075,28138476,0,0,0,0,0,0,0,0,0,0,251
1076,28142649,0,0,0,0,0,3698,400,0,0,0,4098
1077,28143952,0,0,0,0,391,0,0,0,0,0,391
1078,28157951,362,1913,2515,432,2208,3089,0,0,0,0,14106
1079,28171365,0,0,0,554,0,0,434,0,0,0,3852
1080,28175129,5386,2005,820,0,638,1352,743,0,0,0,11844
1081,28182218,197,7970,0,0,1024,170,0,0,0,0,10310
1082,28195599,0,0,1301,0,0,557,359,0,0,0,2936
1083,28227817,1917,1380,2271,861,1219,2964,0,0,0,0,16723
1084,28228934,964,1399,2565,1029,2320,2483,318,0,0,0,16388
1085,28233353,0,129,4420,0,405,0,0,0,0,0,5824
1086,28236683,1486,0,0,0,0,0,0,0,0,0,1486
1087,28236708,2023,2544,475,0,1552,775,768,0,0,0,11198
1088,28247620,3419,23211,9569,0,0,175,26290,0,0,0,92752
1089,28257861,1060,0,0,0,0,0,0,0,0,0,2390
1090,28265304,300,520,3590,1852,0,1310,315,0,0,0,11625
1091,28269497,606,1608,1106,285,1881,976,713,0,0,0,11459
1092,28312216,7190,3195,150,3196,5657,6082,1280,0,0,0,43947
1093,28318931,0,0,0,0,0,0,0,0,0,0,469
1094,28339150,499,565,658,118,717,425,260,0,0,0,20268
1095,28344097,0,0,0,0,224,0,0,0,0,0,2529
1096,2836269,0,472,0,589,145,0,854,0,0,0,11117
1097,28365553,1606,0,119,0,205,0,0,0,0,0,7607
1098,28365596,8503,9459,2069,5185,4301,9517,5131,0,0,0,55620
1099,28380025,0,857,5431,2091,3085,7681,1261,0,0,0,20406
1100,28381367,0,0,0,0,0,1575,0,0,0,0,5497
1101,28388881,1307,0,284,570,209,808,330,0,0,0,7707
1102,28397055,0,942,0,0,0,0,0,0,0,0,1742
1103,28400521,685,0,0,0,0,0,0,0,0,0,991
1104,28409721,2613,1902,2597,987,640,0,0,0,0,0,13633
1105,28411309,0,227,0,0,0,1635,0,0,0,0,2392
1106,28418962,1218,0,0,0,0,0,0,0,0,0,2268
1107,28424406,0,4022,2062,0,0,366,1263,0,0,0,14280
1108,28425978,0,0,574,0,0,0,0,0,0,0,574
1109,28429758,0,0,0,2473,5605,508,0,0,0,0,11617
1110,28444649,0,0,0,0,0,0,0,0,0,0,273
1111,28455943,1684,1800,1363,142,0,0,1272,0,0,0,10130
1112,28456035,3582,0,0,0,0,0,0,0,0,0,8788
1113,28494761,3327,1306,1543,1794,3663,1307,901,0,0,0,26152
1114,28494840,1327,1509,820,1114,1181,1851,1432,0,0,0,14779
1115,28500981,0,0,0,0,0,0,630,0,0,0,630
1116,28502754,0,0,0,0,0,0,0,0,0,0,374
1117,28509741,0,0,0,211,500,185,0,0,0,0,2892
1118,28524202,376,0,1685,0,0,0,0,0,0,0,2061
1119,28529050,771,517,0,2195,1673,165,2720,0,0,0,10421
1120,285385718,0,1285,0,0,1089,0,340,0,0,0,3825
1121,28560000000,1126,591,1025,0,789,912,782,0,0,0,6731
1122,28566529,0,0,0,1006,608,1348,1698,0,0,0,11622
1123,28581610,1020,1773,3101,558,4175,1203,1538,0,0,0,20128
1124,28627085,1727,0,0,0,0,0,0,0,0,0,12893
1125,28629770,1217,0,0,497,5329,0,1745,0,0,0,11688
1126,28638766,0,479,0,0,0,268,0,0,0,0,747
1127,28639621,0,0,1190,1042,0,616,110,0,0,0,2958
1128,28647137,1777,320,3845,220,0,1290,0,0,0,0,11841
1129,28654295,1984,3455,950,1442,1315,0,0,0,0,0,10830
1130,28674438,0,1192,486,0,1706,1568,1056,0,0,0,6008
1131,28694109,2565,0,1809,0,225,18918,1047,0,0,0,24564
1132,28696762,0,575,528,0,590,0,0,0,0,0,31501
1133,28699572,1479,0,0,0,0,0,0,0,0,0,6250
1134,28715456,1460,1140,688,1909,1311,2001,0,0,0,0,10060
1135,28717566,448,3425,792,498,455,260,1274,0,0,0,26515
1136,28722432,0,0,1026,270,475,0,3587,0,0,0,10273
1137,28735712,0,10976,14329,10605,2449,540,0,0,0,0,44204
1138,28745676,2643,921,395,921,2521,921,0,0,0,0,12921
1139,28763450,108050,83945,565,51836,0,6240,0,0,0,0,264163
1140,28765325,0,1186,2629,0,4943,411,0,0,0,0,22022
1141,28811482,0,0,0,0,0,0,0,0,0,0,240
1142,28834105,0,0,1699,640,0,5448,0,0,0,0,10043
1143,28845151,0,0,0,0,0,0,0,0,0,0,6018
1144,2884599,2350,1545,675,6539,0,3464,589,0,0,0,28444
1145,28852053,0,0,0,0,395,0,0,0,0,0,395
1146,28900624,0,0,0,701,2363,517,0,0,0,0,3581
1147,28903639,0,0,191,0,836,834,484,0,0,0,3190
1148,28950742,0,1606,958,6111,1253,185,0,0,0,0,10275
1149,28958770,0,0,0,0,0,0,1003,0,0,0,1003
1150,28977588,4693,384,6159,0,3077,12859,3110,0,0,0,36802
1151,28984508,0,2205,0,0,505,1202,1657,0,0,0,13042
1152,29016043,0,0,0,0,0,374,0,0,0,0,588
1153,29018936,795,1649,1443,135,413,1257,413,0,0,0,8982
1154,290367202,515,1750,0,1290,955,0,0,0,0,0,5568
1155,29057013,503,8309,1061,414,1908,517,1650,0,0,0,15134
1156,29072433,0,0,210,0,0,2140,1176,0,0,0,6704
1157,29090627,0,0,0,868,2284,0,0,0,0,0,3152
1158,29115390,746,0,852,0,2398,488,538,0,0,0,7900
1159,29135533,0,0,0,0,0,0,0,0,0,0,2389
1160,29149288,285,1369,0,0,185,0,240,0,0,0,7445
1161,29153078,8474,15088,12926,3542,8799,11036,0,0,0,0,69021
1162,29154645,661,1260,537,823,393,0,0,0,0,0,4610
1163,29165106,714,758,2144,0,635,0,0,0,0,0,10181
1164,29166485,4741,435,0,1299,2088,385,660,0,0,0,9608
1165,29177539,0,0,0,0,0,0,951,0,0,0,951
1166,29185438,0,0,0,0,0,0,0,0,0,0,85869
1167,29193326,2528,0,777,0,2099,624,0,0,0,0,6028
1168,29193840,629,4102,6552,477,492,2663,145,0,0,0,16038
1169,29205769,0,0,0,0,0,0,0,0,0,0,1128
1170,29213875,832,3596,1923,4012,3759,2646,1726,0,0,0,24421
1171,29248740,7325,21196,13465,9858,18254,19493,18039,0,0,0,143155
1172,29251842,0,0,0,0,0,0,0,0,0,0,330
1173,29257491,0,2248,0,1952,1345,1988,770,0,0,0,8303
1174,29262890,0,0,0,0,0,0,0,0,0,0,756
1175,29269958,733,0,0,0,0,0,964,0,0,0,1697
1176,29270447,4189,4451,7160,2041,10606,8654,2614,0,0,0,46275
1177,29280926,0,803,808,368,200,0,0,0,0,0,3006
1178,29284386,1302,1617,4758,465,2279,679,2706,0,0,0,15403
1179,2930193,6404,3090,4193,190,2037,3579,595,0,0,0,30182
1180,29312823,0,852,0,616,690,0,350,0,0,0,4175
1181,29342887,0,0,0,0,7558,480,210,0,0,0,8248
1182,29347254,541,4915,0,0,0,765,0,0,0,0,11345
1183,29348688,2786,305,0,0,0,0,0,0,0,0,15169
1184,29354882,0,0,0,0,0,0,0,0,0,0,910
1185,29358972,0,0,0,0,0,0,0,0,0,0,9670
1186,29381294,4196,1517,1704,2936,2866,8379,2827,0,0,0,34250
1187,29382278,0,291,0,0,1170,0,590,0,0,0,2051
1188,29388267,3225,595,900,551,947,600,307,0,0,0,8847
1189,29404816,2062,1776,3329,999,1794,2437,1680,0,0,0,38072
1190,29406493,0,0,1974,0,0,0,0,0,0,0,5466
1191,29417542,4096,4888,3957,1057,1459,1123,890,0,0,0,36984
1192,29418806,0,0,0,0,0,3019,0,0,0,0,3019
1193,29425453,0,0,0,845,959,555,1279,0,0,0,3638
1194,29429508,2353,564,0,0,0,486,1338,0,0,0,9008
1195,29450131,303,1736,102,1767,0,108,683,0,0,0,11764
1196,29454134,5850,400,6722,2943,4412,5123,3691,0,0,0,48296
1197,29456818,11436,2201,1485,2126,1685,1090,0,0,0,0,33402
1198,29474758,686,3120,1469,1709,1171,1540,0,0,0,0,13754
1199,29483838,720,1435,1835,0,1683,3594,0,0,0,0,14062
1200,29519327,1065,1789,350,0,0,0,0,0,0,0,7453
1201,29529292,0,0,8253,0,0,0,978,0,0,0,9231
1202,29545104,0,0,2260,0,812,1535,115,0,0,0,4722
1203,29568197,513,0,0,0,592,0,0,0,0,0,2249
1204,29576954,0,1520,938,1674,0,155,2668,0,0,0,9710
1205,29579356,0,0,0,0,0,0,0,0,0,0,155
1206,29585708,0,237,1827,0,6309,1047,0,0,0,0,9420
1207,29586453,0,0,0,0,210,0,0,0,0,0,361
1208,29593345,414,1381,1511,686,2138,2266,560,0,0,0,10383
1209,29595274,1614,0,6904,1198,3486,0,0,0,0,0,17170
1210,29635908,0,0,11258,0,11268,3208,0,0,0,0,25734
1211,29648291,0,1292,0,0,0,0,0,0,0,0,12357
1212,29649641,0,0,0,181,955,1370,0,0,0,0,2888
1213,29651652,1535,0,0,0,0,0,0,0,0,0,7267
1214,296630884,2057,459,313,0,0,609,0,0,0,0,5726
1215,29668778,1532,2807,516,836,1960,775,0,0,0,0,8426
1216,29671509,1753,0,998,0,3721,0,0,0,0,0,8380
1217,29679354,0,0,0,0,1046,0,370,0,0,0,1416
1218,29683995,190,1537,1133,909,991,962,400,0,0,0,15846
1219,29689712,0,0,0,0,1332,752,1290,0,0,0,3374
1220,29690711,0,0,597,1000,3736,3261,938,0,0,0,13144
1221,297006190,961,4732,1606,1742,0,0,311,0,0,0,10668
1222,29701440,0,646,0,0,0,4785,0,0,0,0,6887
1223,29708394,0,216,0,0,0,0,0,0,0,0,375
1224,29713021,904,575,1120,3370,447,863,1335,0,0,0,9508
1225,29722036,2403,2858,2240,1959,4303,3299,2780,0,0,0,24207
1226,29755250,1658,2167,484,781,885,1471,0,0,0,0,13883
1227,29763348,500,0,2109,14281,0,370,0,0,0,0,22399
1228,29816428,476,1710,0,0,0,0,0,0,0,0,3258
1229,29835470,225,0,0,0,0,0,0,0,0,0,225
1230,29836408,0,0,0,0,0,0,0,0,0,0,329
1231,29845860,0,0,841,1193,212,902,1226,0,0,0,4374
1232,2986091,734,0,0,0,0,857,0,0,0,0,2851
1233,29910988,2638,0,0,0,0,0,0,0,0,0,2638
1234,29921885,0,0,0,0,15965,0,0,0,0,0,15965
1235,29928056,0,0,0,0,0,0,0,0,0,0,739
1236,29936772,821,967,1944,2569,608,1158,468,0,0,0,9066
1237,29948647,0,0,0,0,0,1552,0,0,0,0,1552
1238,29950201,14961,13055,15548,5151,3337,5917,3818,0,0,0,85862
1239,29952044,1913,0,370,0,3071,1648,0,0,0,0,8368
1240,29952733,0,4409,8043,3831,4513,14007,3342,0,0,0,38145
1241,29977903,106,0,1033,0,0,0,0,0,0,0,4902
1242,29980629,1099,17615,2770,1292,0,2220,805,0,0,0,28946
1243,29987660,866,791,300,0,0,456,0,0,0,0,4971
1244,30049575,4250,0,0,0,0,0,0,0,0,0,4956
1245,30061116,2610,0,0,0,415,0,0,0,0,0,12238
1246,30075581,0,860,625,0,523,0,1000,0,0,0,4332
1247,30098629,1365,1224,2159,1995,1485,1910,850,0,0,0,13404
1248,30107215,1515,0,251,880,0,0,0,0,0,0,3435
1249,30117405,2293,430,0,0,0,0,0,0,0,0,3583
1250,30120198,2219,626,802,1500,4725,5438,0,0,0,0,26213
1251,30133863,0,0,280,2723,0,0,0,0,0,0,9346
1252,30139375,432,1592,2318,0,0,0,0,0,0,0,4890
1253,30147312,0,498,697,104,334,140,165,0,0,0,1938
1254,30148492,3246,470,1637,7161,3524,5440,810,0,0,0,23509
1255,30149038,0,0,0,0,0,0,0,0,0,0,8485
1256,30163338,0,570,0,0,0,0,0,0,0,0,1835
1257,30180416,399,2112,2824,1504,0,6247,0,0,0,0,13086
1258,30181498,137,0,0,0,0,0,0,0,0,0,2120
1259,30185950,0,0,0,0,0,1100,0,0,0,0,1100
1260,30202556,0,572,1784,1443,0,2019,1955,0,0,0,7773
1261,30209883,890,3152,1599,1235,2604,564,1054,0,0,0,16860
1262,30215485,698,2904,1043,0,0,452,2504,0,0,0,13118
1263,30230060,600,1119,0,250,1016,993,262,0,0,0,6096
1264,30233692,4622,290,6735,805,6596,1238,2885,0,0,0,31073
1265,30267152,0,0,0,995,1472,0,0,0,0,0,2467
1266,30267276,2089,1124,4585,1096,2180,1248,1757,0,0,0,21817
1267,30279681,585,0,585,0,0,0,0,0,0,0,21379
1268,30299447,794,658,1292,627,1021,2248,1497,0,0,0,18827
1269,30303892,0,0,0,1383,0,0,1045,0,0,0,2428
1270,30314102,3464,747,2790,2038,3174,3668,1172,0,0,0,20368
1271,30317223,399,1155,0,0,0,0,0,0,0,0,1554
1272,30333403,0,0,0,0,0,255,1200,0,0,0,2732
1273,30394036,537,0,165,626,185,0,846,0,0,0,3725
1274,30405457,1141,1295,970,0,0,574,0,0,0,0,6313
1275,30413259,0,0,0,0,0,0,0,0,0,0,1085
1276,30426473,0,0,527,2619,3107,1510,842,0,0,0,9102
1277,3044,886,619,333,0,0,1738,0,0,0,0,3576
1278,30459593,0,0,3815,2309,3693,0,500,0,0,0,11776
1279,30467867,7510,3941,4165,4270,3021,5797,4720,0,0,0,59771
1280,30490029,0,0,431,1370,753,2587,6340,0,0,0,12831
1281,30519895,1098,1238,401,0,0,0,0,0,0,0,5667
1282,30520758,1640,1408,1857,2111,456,398,519,0,0,0,13638
1283,30535639,0,0,534,3661,11028,4996,4901,0,0,0,25120
1284,30576983,676,2735,965,2331,1107,2682,1840,0,0,0,15692
1285,30609665,428,0,273,738,0,0,0,0,0,0,3524
1286,30614969,0,0,0,0,0,0,0,0,0,0,5683
1287,30643761,2212,944,0,0,0,1789,0,0,0,0,12664
1288,30655072,533,322,1206,0,5326,644,1091,0,0,0,10547
1289,3065615,2735,7227,5480,1904,4621,4895,4308,0,0,0,37049
1290,30687726,8371,6321,11606,3057,13506,18182,3906,0,0,0,64949
1291,3069793,0,355,1335,553,0,718,0,0,0,0,4903
1292,3072810,11849,10180,7378,8235,16691,12658,8472,0,0,0,117578
1293,30736608,1286,2653,690,2038,0,0,0,0,0,0,12249
1294,30737332,1568,5262,5407,3454,3092,7240,2391,0,0,0,29320
1295,30738360,1242,204,1482,2451,3639,2008,493,0,0,0,19474
1296,30739123,619,412,940,411,0,1522,0,0,0,0,5736
1297,30742547,0,0,0,0,230,1155,0,0,0,0,1385
1298,30798332,925,509,0,0,0,0,0,0,0,0,3866
1299,30814567,253,564,1094,373,400,130,215,0,0,0,3835
1300,30844057,1275,4352,2030,1080,780,1130,170,0,0,0,17277
1301,30845911,4458,462,2695,530,2963,4516,2635,0,0,0,24338
1302,30858365,4743,0,0,0,0,1062,2599,0,0,0,13801
1303,30858602,0,0,0,0,0,0,805,0,0,0,805
1304,30861130,5308,3848,8418,4764,1457,3606,3066,0,0,0,30467
1305,30870991,800,717,4055,940,3766,2250,1547,0,0,0,19940
1306,30879957,200,0,0,1298,0,1304,0,0,0,0,2802
1307,30883234,0,0,0,0,0,0,1920,0,0,0,1920
1308,30890349,5369,3796,216,914,3748,3384,1750,0,0,0,26872
1309,30898637,0,0,103,0,0,386,0,0,0,0,489
1310,30909682,1249,2373,1808,0,2307,314,569,0,0,0,16995
1311,30915471,0,0,0,0,0,0,0,0,0,0,2622
1312,30945372,0,0,1164,0,0,737,0,0,0,0,1901
1313,30948022,0,0,0,0,0,0,1334,0,0,0,1334
1314,31032957,1928,3622,4102,2842,1668,1607,2269,0,0,0,31867
1315,31075873,0,4444,673,280,4758,329,0,0,0,0,12592
1316,31077118,130,1172,0,859,0,200,290,0,0,0,4361
1317,31083583,0,0,0,0,0,0,0,0,0,0,1240
1318,31103648,1632,0,1447,932,1360,0,1120,0,0,0,8696
1319,31106797,848,0,585,363,0,691,632,0,0,0,5373
1320,31131259,0,0,20150,8050,0,0,0,0,0,0,28200
1321,31151157,0,2037,1995,504,542,3307,120,0,0,0,8845
1322,31170648,476,0,1690,0,0,1761,0,0,0,0,8137
1323,31185257,1150,0,2098,350,820,471,0,0,0,0,4889
1324,31189388,1879,1711,2434,777,2903,0,953,0,0,0,14910
1325,31189544,2078,14274,10490,1876,6128,4483,3478,0,0,0,48167
1326,31214556,3545,2652,10730,2905,6160,3631,4170,0,0,0,55040
1327,31224713,1606,1880,2129,1610,1551,3167,1051,0,0,0,42510
1328,31273277,0,2333,760,1255,1323,1557,103,0,0,0,7331
1329,31274749,0,0,1246,0,0,1814,0,0,0,0,7007
1330,31277697,0,0,0,0,0,0,0,0,0,0,264
1331,31311221,0,0,0,0,0,0,0,0,0,0,4219
1332,31314648,1593,873,1474,461,220,1330,0,0,0,0,10418
1333,31314663,0,4600,2441,0,3237,389,1173,0,0,0,11840
1334,31345995,1406,0,0,0,0,0,0,0,0,0,1406
1335,31351848,0,0,0,0,0,922,0,0,0,0,922
1336,31407825,0,0,0,0,0,260,0,0,0,0,260
1337,31445065,0,0,585,0,0,0,0,0,0,0,1849
1338,31446867,0,0,247,365,0,0,0,0,0,0,612
1339,31452232,6211,870,2767,981,649,600,1637,0,0,0,19715
1340,31492989,150,4345,0,393,0,1236,0,0,0,0,9746
1341,31512239,0,183,2000,0,303,0,0,0,0,0,6888
1342,31515878,1222,1093,1740,340,1218,1254,1824,0,0,0,10217
1343,31540888,0,0,0,0,855,396,3919,0,0,0,6114
1344,31557520,0,0,233,120,1156,129,799,0,0,0,2437
1345,31557750,0,0,0,0,0,4046,3305,0,0,0,7351
1346,31565291,0,0,0,0,0,1183,0,0,0,0,1183
1347,31567721,0,149,293,0,0,0,712,0,0,0,2385
1348,31593426,1711,5445,399,856,5699,0,643,0,0,0,18368
1349,31597745,0,1879,970,864,450,0,0,0,0,0,5513
1350,31621749,152,1980,1719,2026,1302,1286,0,0,0,0,11224
1351,31664855,118,1060,615,0,668,0,0,0,0,0,6437
1352,31716549,0,0,0,0,1350,2370,0,0,0,0,3720
1353,31721068,0,0,0,598,110,0,680,0,0,0,1388
1354,31781770,261,4881,4061,1209,525,568,0,0,0,0,20471
1355,31823249,924,971,659,899,1123,1070,674,0,0,0,6975
1356,31859393,0,0,1770,287,1899,3148,2078,0,0,0,15530
1357,31870064,928,150,0,0,0,0,0,0,0,0,3278
1358,32017506,0,0,0,998,363,717,0,0,0,0,2078
1359,32038325,0,0,0,0,0,0,120,0,0,0,120
1360,32069545,329,6408,1198,0,0,1545,0,0,0,0,61628
1361,32081647,1273,1156,987,1016,634,1066,152,0,0,0,11432
1362,32096483,679,568,0,0,3241,0,0,0,0,0,6958
1363,32104350,0,0,0,0,275,1080,0,0,0,0,1355
1364,32186696,0,0,0,265,0,0,0,0,0,0,265
1365,3219242,0,0,0,0,2007,1755,0,0,0,0,3762
1366,32199913,5579,230,1765,0,0,0,0,0,0,0,64116
1367,32214050,1251,4674,3592,5663,0,3362,3421,0,0,0,31016
1368,32214935,2384,1868,1969,0,1988,2236,870,0,0,0,16566
1369,32215029,1304,0,0,0,1575,0,0,0,0,0,7529
1370,32219917,0,150,0,0,499,0,0,0,0,0,649
1371,32238019,0,1151,585,0,0,0,973,0,0,0,3464
1372,32314275,2746,1990,2445,509,1304,1008,0,0,0,0,18650
1373,32315735,1541,1389,553,775,1871,1068,381,0,0,0,29482
1374,32349229,677,0,518,100,193,1119,0,0,0,0,4222
1375,32357333,665,494,268,180,175,0,155,0,0,0,5323
1376,32362172,0,0,0,0,0,0,0,0,0,0,1400
1377,32372177,0,0,0,0,0,2156,2079,0,0,0,4235
1378,32376411,1597,0,0,0,0,0,0,0,0,0,4449
1379,32402328,3167,2043,1142,671,0,460,160,0,0,0,9641
1380,32441403,0,0,0,0,0,0,464,0,0,0,464
1381,32441729,0,0,0,0,0,0,587,0,0,0,587
1382,32461719,0,0,0,0,881,0,0,0,0,0,6088
1383,32582874,12049,11252,10782,2810,14086,10469,5478,0,0,0,94689
1384,32608778,0,0,752,0,0,0,0,0,0,0,752
1385,32627033,1818,1148,982,0,0,0,0,0,0,0,3948
1386,32660451,0,1321,1139,0,400,0,0,0,0,0,7347
1387,32688527,2264,1290,2096,0,1785,0,0,0,0,0,20240
1388,32704226,0,0,0,0,0,0,0,0,0,0,4841
1389,32708656,802,1353,1288,0,1083,1813,409,0,0,0,7547
1390,32726653,0,0,0,0,0,0,0,0,0,0,550
1391,32762241,0,361,1856,0,3857,2065,802,0,0,0,10667
1392,32769411,1980,838,0,580,345,0,625,0,0,0,4368
1393,32772712,951,1496,446,594,676,202,642,0,0,0,6940
1394,32806389,110,917,1077,777,0,1351,3690,0,0,0,8874
1395,32808145,0,0,3241,4052,12362,4271,2630,0,0,0,26556
1396,32835553,340,246,330,174,140,425,0,0,0,0,1865
1397,32835575,4225,1274,4225,0,369,393,504,0,0,0,12038
1398,32852351,0,0,0,262,1028,0,1550,0,0,0,5423
1399,32861747,514,1605,613,283,0,0,989,0,0,0,24565
1400,32868340,834,759,1524,200,1520,1561,0,0,0,0,9028
1401,32944362,0,200,691,0,883,0,0,0,0,0,4839
1402,33007957,619,1191,300,0,0,0,1020,0,0,0,7829
1403,33113474,160,358,425,0,0,0,0,0,0,0,7241
1404,33116327,142,381,0,1110,1727,523,0,0,0,0,5705
1405,33119789,813,792,3073,3764,0,1276,0,0,0,0,19165
1406,3327407,1579,1394,594,304,0,365,651,0,0,0,6483
1407,33327163,0,0,355,0,0,321,317,0,0,0,993
1408,33359512,1001,845,2340,2014,1097,1541,370,0,0,0,9208
1409,33382947,481,1008,0,108,152,986,0,0,0,0,7260
1410,33388916,0,0,1207,6056,3363,3323,1007,0,0,0,14956
1411,33394493,4959,2418,566,0,2910,4225,0,0,0,0,22697
1412,33510000,2086,3133,715,172,1905,1643,3126,0,0,0,33344
1413,33513073,0,237,1995,1342,0,360,0,0,0,0,4831
1414,33545356,0,550,843,0,943,680,376,0,0,0,7114
1415,33599187,1336,0,0,0,0,0,0,0,0,0,2420
1416,3361878,0,0,0,0,0,0,0,0,0,0,880
1417,33641550,688,852,1116,0,1106,2350,2645,0,0,0,13817
1418,33649904,2210,2618,4438,335,700,1970,0,0,0,0,18891
1419,33661786,0,0,0,0,0,0,0,0,0,0,15017
1420,33678170,220,468,398,480,0,295,155,0,0,0,3238
1421,33693709,365,730,0,1143,1245,8908,375,0,0,0,15299
1422,33704028,0,0,0,0,730,0,0,0,0,0,935
1423,33741928,0,0,0,0,0,2038,1062,0,0,0,3100
1424,33774266,174,408,224,259,0,0,144,0,0,0,1579
1425,33813481,0,800,517,245,0,0,1454,0,0,0,3016
1426,33838036,0,0,0,0,0,0,0,0,0,0,6450
1427,33861557,0,851,870,0,0,1118,710,0,0,0,5138
1428,33956499,0,0,487,247,0,0,0,0,0,0,734
1429,33960012,471,442,490,265,279,1699,0,0,0,0,3770
1430,33980443,0,0,1559,0,0,689,0,0,0,0,2248
1431,34011310,0,1257,0,113,0,1191,0,0,0,0,8876
1432,34264101,4906,2028,606,1332,2369,1988,926,0,0,0,26055
1433,34340815,1130,0,0,0,0,0,0,0,0,0,1288
1434,34366645,1731,0,0,0,0,0,0,0,0,0,5325
1435,34381205,1453,1731,449,0,0,160,0,0,0,0,3793
1436,34454930,2029,1099,650,0,160,838,3927,0,0,0,8888
1437,3462505,380,0,458,0,0,0,0,0,0,0,2158
1438,34689348,0,0,0,0,0,0,0,0,0,0,330098
1439,34738855,0,0,0,0,0,0,0,0,0,0,1081
1440,34787027,0,0,0,695,1114,0,1109,0,0,0,2918
1441,34896036,200,0,0,0,120,0,0,0,0,0,1599
1442,34909525,0,0,2463,0,879,0,0,0,0,0,4150
1443,34964016,0,0,0,1148,0,699,0,0,0,0,1847
1444,35073287,12236,4909,3259,785,1101,4047,536,0,0,0,39617
1445,35097241,0,0,0,272,300,0,0,0,0,0,572
1446,35141207,0,0,0,0,2944,6163,3942,0,0,0,13049
1447,35151070,0,0,0,0,0,683,0,0,0,0,683
1448,35222349,580,799,784,510,1052,1193,432,0,0,0,7231
1449,35350519,1373,0,605,0,505,983,945,0,0,0,4411
1450,35355955,1167,110,275,915,655,253,290,0,0,0,5172
1451,35369786,0,0,0,0,0,0,0,0,0,0,8716
1452,35415834,0,0,0,0,0,0,0,0,0,0,623
1453,35522992,0,0,0,0,0,0,0,0,0,0,622
1454,35701801,1239,0,0,120,0,0,0,0,0,0,2566
1455,35780024,0,0,0,0,0,0,0,0,0,0,3410
1456,36095359,0,0,0,724,0,0,0,0,0,0,724
1457,36251349,0,352,1050,330,238,484,0,0,0,0,2454
1458,36416432,0,0,0,0,0,1354,0,0,0,0,1354
1459,36675653,0,0,0,0,0,0,940,0,0,0,940
1460,36712494,0,11495,3907,1856,1469,2997,731,0,0,0,22455
1461,36781218,0,0,2396,0,880,283,0,0,0,0,3559
1462,3711396,0,935,1020,0,240,625,390,0,0,0,3440
1463,37253967,0,0,0,0,325,0,0,0,0,0,325
1464,37530738,1293,0,1452,1821,0,2047,0,0,0,0,8768
1465,38051072,0,1458,630,0,0,807,0,0,0,0,3774
1466,4307534,28215,0,0,0,0,0,0,0,0,0,28215
1467,4441,970,1675,0,0,0,0,362,0,0,0,10214
1468,44440459,0,326,0,846,569,2917,1841,0,0,0,6899
1469,4449370,1897,2347,478,2104,1528,608,1054,0,0,0,17542
1470,4462218,0,290,404,0,313,395,0,0,0,0,2431
1471,4483096,0,0,0,0,0,0,1592,0,0,0,1592
1472,4486744,790,0,726,0,885,0,0,0,0,0,3910
1473,450360,0,0,0,0,0,0,0,0,0,0,817
1474,4522334,0,0,0,184,0,0,0,0,0,0,184
1475,4522538,0,1111,0,0,0,236,0,0,0,0,1347
1476,477496,518,340,0,221,0,0,0,0,0,0,8782
1477,5098901,572,380,0,1007,5239,0,300,0,0,0,10545
1478,52732,3713,2899,3045,1933,3268,3183,2770,0,0,0,30816
1479,5519123,0,528,0,804,440,1052,650,0,0,0,7283
1480,5547545,0,0,0,0,0,0,0,0,0,0,2213
1481,563209,0,0,0,0,0,0,215,0,0,0,215
1482,5744270,0,0,0,0,0,1510,0,0,0,0,1510
1483,5753863,0,0,0,0,9131,1318,0,0,0,0,10449
1484,5793,0,0,220,0,0,0,0,0,0,0,1428
1485,6843685,188,2536,2207,0,444,265,2860,0,0,0,9774
1486,6879620,0,773,0,5762,0,4829,10301,0,0,0,25461
1487,6886541,0,0,0,0,0,1764,1215,0,0,0,2979
1488,6981,1219,458,1197,1273,186,0,1345,0,0,0,5678
1489,7029738,0,0,470,450,0,492,449,0,0,0,1861
1490,710883208,1621,0,0,594,3398,611,0,0,0,0,12242
1491,719608017,681,0,0,0,0,0,1764,0,0,0,3658
1492,723813247,3445,2563,3862,2184,2615,3457,300,0,0,0,34559
1493,724251718,0,0,0,0,0,0,0,0,0,0,2677
1494,737465953,0,0,0,0,524,544,709,0,0,0,1777
1495,7410603,2057,3200,1418,1399,1318,1438,947,0,0,0,20122
1496,7410677,0,0,0,240,0,1151,210,0,0,0,1601
1497,7410679,0,1065,0,1733,295,0,0,0,0,0,3531
1498,7452138,374,0,0,0,0,0,0,0,0,0,1818
1499,7452214,3788,2160,1160,450,1034,240,0,0,0,0,12941
1500,7452286,1139,2113,915,2616,2507,1109,2413,0,0,0,15242
1501,7452308,0,0,0,0,105,357,0,0,0,0,462
1502,7456481,2681,3966,774,2054,3752,3718,1003,0,0,0,25301
1503,7468730,2492,2073,1953,0,527,480,2163,0,0,0,33862
1504,7670901,0,6500,0,0,0,0,0,0,0,0,6500
1505,7673087,529,1504,5019,100,1224,2775,1069,0,0,0,15057
1506,77311404,1980,0,0,180,255,1258,0,0,0,0,7922
1507,7738399,0,0,0,0,0,903,1350,0,0,0,2893
1508,7739494,0,0,9529,0,5014,12673,4097,0,0,0,31313
1509,7746868,688,0,807,0,0,1427,0,0,0,0,6016
1510,7758099,4864,2524,4399,1929,1284,1551,1258,0,0,0,33628
1511,7862400,330,6718,8455,0,8044,7793,5294,0,0,0,45245
1512,7863918,0,720,0,130,0,776,0,0,0,0,1746
1513,8036173,1089,320,807,1523,1568,218,2163,0,0,0,12596
1514,8074302,812,702,1028,0,0,0,0,0,0,0,2808
1515,8074391,0,1888,503,1756,3161,1123,0,0,0,0,11633
1516,8310680,760,199,0,160,1145,1100,240,0,0,0,4838
1517,8311743,167,1201,2390,2002,1189,1969,960,0,0,0,11137
1518,8366621,3462,12387,5847,2121,2980,3784,4221,0,0,0,48537
1519,84660,0,0,0,1176,0,1238,2647,0,0,0,5346
1520,8572964,0,269,0,0,349,0,0,0,0,0,2351
1521,8610402,0,5175,5563,0,0,618,0,0,0,0,18754
1522,8610610,7706,5794,4329,834,935,3565,2563,0,0,0,42235
1523,8706350,0,0,1146,0,630,0,348,0,0,0,12938
1524,884852,0,345,0,0,0,0,0,0,0,0,345
1525,884857,0,0,3523,0,0,611,0,0,0,0,8319
1526,8863349,899,1424,1269,424,892,2260,356,0,0,0,11581
1527,8884334,3055,2912,2719,359,0,0,1537,0,0,0,24411
1528,9047901,0,0,1069,599,0,1084,0,0,0,0,2752
1529,9096422,2229,1230,0,0,1046,0,1632,0,0,0,16578
1530,9097601,0,0,1831,1002,1154,584,4776,0,0,0,9347
1531,9097997,872,0,0,0,0,0,0,0,0,0,7611
1532,9119,1340,1590,430,1461,0,0,0,0,0,0,6580
1533,9214835,470,274,0,0,0,0,0,0,0,0,1314
1534,9214969,2436,1981,2598,1272,2903,3595,1052,0,0,0,17997
1535,9214974,883,2322,1253,907,647,2080,682,0,0,0,12375
1536,9215621,5244,12521,10207,6420,12471,8751,5273,0,0,0,85051
1537,9250982,710,1205,1190,1569,1976,1015,413,0,0,0,11285
1538,9250995,877,614,731,645,0,760,0,0,0,0,7627
1539,9251032,645,0,1287,0,760,0,8552,0,0,0,13813
1540,9251037,3729,4281,1504,177,372,4519,0,0,0,0,28195
1541,9294123,0,0,0,0,0,0,0,0,0,0,29995
1542,9294187,0,0,0,0,1779,0,0,0,0,0,1779
1543,9294338,3060,1889,1774,754,722,5343,1316,0,0,0,21941
1544,9294697,3729,3321,7144,4051,2629,990,0,0,0,0,26302
1545,92952198,884,0,0,0,0,0,0,0,0,0,1848
1546,9432828,0,0,0,0,0,2121,2043,0,0,0,6950
1547,950,345,521,6847,999,0,1009,899,0,0,0,10850
1548,9523674,20241,20101,17612,11966,20179,17137,8134,0,0,0,162824
1549,9669,423,393,346,818,762,1103,1148,0,0,0,7304
1550,9697448,747,2053,3326,1307,2568,2403,440,0,0,0,15939
1551,9703615,0,0,0,1239,355,0,0,0,0,0,1594
1552,9704375,157,1701,1987,811,958,377,0,0,0,0,10192
1553,9704904,0,0,0,0,0,420,0,0,0,0,420
1554,972864,2728,0,790,0,0,0,0,0,0,0,9192
1555,980878,0,0,1597,0,1000,736,3678,0,0,0,11121
1556,98944685,758,0,0,0,0,0,0,0,0,0,758
1557,9907504,3978,884,389,0,1107,2997,1080,0,0,0,11084
1558,9908632,0,0,370,0,0,0,0,0,0,0,627
1559,9908657,914,0,446,307,390,520,0,0,0,0,5460
1560,9946943,280,1146,821,654,1202,444,383,0,0,0,6929
1561,997041,1575,0,0,0,2380,0,0,0,0,0,5839
1562,A577103,0,4316,7925,2767,9243,5497,4331,0,0,0,46560
1563,R0008343S,10165,9838,9641,2836,10835,4975,1590,0,0,0,73108
